value, frequency
0,7740
2,1556
1,1036
5,274
7,266
6,149
9,117
10,88
8,87
13,75
47,71
11,71
61,61
21,53
15,48
19,46
12,41
74,41
29,40
157,39
118,37
23,36
25,36
101,35
18,33
22,33
20,33
17,32
34,29
28,28
14,28
35,26
46,25
36,24
37,24
6007,24
27,22
11865,21
33,20
26,19
38,19
16,19
39,19
289,18
32,18
52,18
43,18
2065,17
142,17
24,17
254,17
120,17
44,17
54,17
880,16
270,16
50,15
877,15
408,15
51,15
49,15
892,15
1111,14
781,14
41,14
712,14
853,14
6977,14
176,14
45,14
76,14
71,14
59,13
9382,13
48,13
53,13
77,13
8250,13
193,12
70,12
56,12
93,12
78,12
63,12
12366,12
55,12
80,11
69,11
83,11
12531,11
62,11
87,11
42,11
66,11
73,11
68,10
81,10
90,10
1286,10
117,10
85,10
95,10
82,10
67,10
100,10
105,9
8215,9
187,9
238,9
4954,9
103,9
11854,9
65,9
2655,9
10495,9
106,8
223,8
102,8
108,8
178,8
132,8
2874,8
256,8
96,8
107,8
115,8
140,8
12037,8
99,8
158,8
127,8
153,8
72,8
122,8
229,8
129,8
126,8
97,8
125,8
15072,7
155,7
123,7
281,7
94,7
534,7
181,7
8148,7
131,7
147,7
2088,7
130,7
86,7
166,7
135,7
230,7
197,7
98,7
182,7
124,7
139,7
113,7
159,7
180,7
88,7
110,7
57,7
109,7
8693,7
145,7
12118,7
164,7
121,7
114,7
84,7
206,6
195,6
241,6
112,6
174,6
215,6
138,6
141,6
175,6
205,6
198,6
189,6
231,6
196,6
150,6
116,6
104,6
143,6
250,6
134,6
160,6
16264,6
146,6
170,6
207,6
154,6
165,6
194,6
599,6
137,6
220,6
162,6
169,6
286,6
133,6
14151,6
201,6
779,6
592,6
246,6
79,6
136,6
204,6
213,6
794,6
1091,6
191,6
190,6
183,6
232,6
921,6
644,6
92,5
3526,5
202,5
199,5
860,5
581,5
156,5
172,5
216,5
828,5
12019,5
58,5
255,5
119,5
177,5
222,5
242,5
210,5
273,5
312,5
218,5
361,5
152,5
280,5
151,5
188,5
227,5
872,5
192,5
15808,5
217,5
395,5
264,5
185,5
260,5
14829,5
394,5
311,5
240,5
111,5
208,5
243,5
11224,5
224,5
302,5
309,5
271,5
340,5
179,5
3019,5
235,5
245,5
9602,5
894,4
884,4
916,4
553,4
866,4
356,4
885,4
391,4
292,4
862,4
561,4
2851,4
770,4
413,4
593,4
349,4
798,4
497,4
898,4
433,4
463,4
360,4
461,4
429,4
670,4
423,4
278,4
4670,4
184,4
328,4
495,4
477,4
2265,4
296,4
734,4
457,4
821,4
465,4
930,4
489,4
445,4
738,4
527,4
407,4
585,4
717,4
200,4
237,4
676,4
226,4
406,4
751,4
873,4
532,4
740,4
376,4
269,4
507,4
804,4
868,4
438,4
168,4
823,4
380,4
847,4
567,4
436,4
932,4
440,4
539,4
404,4
3429,4
472,4
879,4
290,4
301,4
596,4
386,4
820,4
285,4
573,4
706,4
649,4
342,4
420,4
439,4
610,4
724,4
452,4
623,4
221,4
655,4
713,4
785,4
359,4
909,4
745,4
333,4
450,4
777,4
374,4
1589,4
418,4
379,4
935,4
329,4
589,4
709,4
1224,4
621,4
251,4
739,4
396,4
876,4
848,4
908,4
698,4
332,4
867,4
91,4
261,4
186,4
805,4
300,4
743,4
752,4
931,4
12875,4
283,4
732,4
236,4
912,4
643,4
428,4
944,4
442,4
410,4
549,4
517,4
506,4
219,4
613,4
163,4
12361,4
419,4
378,4
684,4
451,4
538,4
483,4
645,4
13646,4
570,4
615,4
579,4
780,4
421,4
583,4
762,4
688,4
725,4
343,4
478,4
533,4
5446,4
367,4
584,4
272,4
565,4
510,4
636,4
1172,4
765,4
493,4
173,4
629,4
2344,4
297,4
574,4
144,4
455,4
911,4
431,4
845,4
456,4
424,4
616,4
1845,4
861,4
648,4
904,4
279,4
277,4
869,4
303,4
341,4
496,4
890,4
373,4
464,4
839,4
214,4
922,4
335,4
432,4
813,4
437,4
382,4
400,4
469,4
871,4
414,4
501,4
504,4
310,4
631,4
640,4
778,4
801,4
249,4
915,4
822,4
795,4
769,4
274,4
714,4
306,4
705,4
462,4
338,4
650,4
402,4
287,4
857,4
203,4
434,4
454,4
577,4
398,4
865,4
75,4
755,4
1066,4
768,4
1261,4
678,4
699,4
13022,4
760,4
723,4
10197,4
792,4
550,4
334,4
1325,4
824,4
726,4
9846,4
929,4
910,4
851,4
897,4
345,4
466,4
586,4
7121,4
729,4
587,4
326,4
863,4
362,4
607,4
622,4
697,4
639,4
786,4
718,4
459,4
555,4
818,4
703,4
799,4
298,4
523,4
262,4
491,4
895,4
225,4
422,4
353,4
351,4
827,4
481,4
750,4
267,4
415,4
390,4
385,4
447,4
651,4
619,4
594,4
479,4
321,4
458,4
358,4
505,4
923,4
626,4
257,4
672,4
810,4
212,4
448,4
288,4
14124,4
308,4
630,4
531,4
544,4
435,4
211,4
467,4
664,4
512,4
480,4
603,4
563,4
307,4
403,4
595,4
416,4
806,4
934,4
275,4
499,4
352,4
566,4
600,4
409,3
835,3
624,3
473,3
1272,3
784,3
772,3
494,3
3691,3
2821,3
1319,3
1466,3
293,3
558,3
325,3
803,3
815,3
535,3
719,3
377,3
656,3
247,3
503,3
2737,3
1245,3
149,3
775,3
708,3
554,3
557,3
720,3
2830,3
2769,3
2314,3
919,3
1932,3
2475,3
522,3
12403,3
15268,3
5549,3
441,3
331,3
1139,3
490,3
900,3
999,3
771,3
1546,3
653,3
1607,3
2500,3
453,3
547,3
330,3
515,3
716,3
2081,3
339,3
9536,3
695,3
2015,3
1784,3
294,3
601,3
2347,3
2498,3
485,3
8188,3
1844,3
1658,3
663,3
1757,3
767,3
387,3
355,3
5367,3
976,3
2818,3
831,3
4998,3
426,3
6275,3
2292,3
2442,3
11696,3
711,3
2668,3
1205,3
2060,3
666,3
7340,3
707,3
590,3
1052,3
389,3
675,3
537,3
634,3
371,3
427,3
812,3
5478,3
759,3
4162,3
2639,3
611,3
1469,3
580,3
2546,3
1859,3
559,3
693,3
2740,3
8620,3
1778,3
669,3
646,3
661,3
324,3
488,3
838,3
7225,3
1375,3
797,3
9438,3
520,3
2569,3
1773,3
1827,3
597,3
2644,3
2812,3
317,3
399,3
552,3
1388,3
637,3
3827,3
1484,3
2772,3
627,3
1115,3
608,3
704,3
742,3
1892,3
2072,3
659,3
736,3
1749,3
375,3
541,3
710,3
800,3
757,3
2804,3
1805,3
2085,3
832,3
3673,3
381,3
4823,3
89,3
605,3
397,3
1464,3
3105,3
826,3
528,3
516,3
1647,3
744,3
2793,3
2513,3
384,3
548,3
1738,3
682,3
171,3
2518,3
7555,3
808,3
582,3
858,3
5520,3
313,3
2356,3
560,3
8353,3
2250,3
807,3
228,3
471,3
9207,3
612,3
2465,3
405,3
518,3
1727,3
819,3
829,3
591,3
366,3
388,3
1311,3
1976,3
304,3
5015,3
2572,3
652,3
336,3
4461,3
368,3
1274,3
893,3
9467,3
883,3
2516,3
1743,3
925,3
525,3
1901,3
2484,3
365,3
9676,3
502,3
2562,3
2174,3
606,3
2021,3
790,3
2653,3
638,3
604,3
11500,3
1926,3
305,3
9232,3
4995,3
337,3
393,3
4074,3
1995,3
564,3
425,3
14165,3
258,3
572,3
758,3
2613,3
856,3
1198,3
295,3
833,3
3743,3
474,3
2848,3
468,3
609,3
2087,3
747,3
668,3
2517,3
937,3
1961,3
782,3
487,3
370,3
244,3
446,3
2160,3
500,3
692,3
13096,3
737,3
1643,3
811,3
265,3
263,3
2256,3
412,3
209,3
6552,3
766,3
315,3
617,3
657,3
508,3
2696,3
674,3
4915,3
689,3
2805,3
756,3
3071,3
642,3
667,3
482,3
681,3
660,3
2745,3
721,3
578,3
1449,3
2490,3
443,3
476,3
1417,3
546,3
2800,3
753,3
2704,3
4800,3
344,3
2647,3
60,3
322,3
2067,3
731,3
475,3
2841,3
411,3
529,3
4982,3
5972,3
354,3
540,3
444,3
521,3
2608,3
809,3
881,3
4858,3
2054,3
1067,3
11089,3
728,3
1758,3
662,3
598,3
319,3
673,3
350,3
543,3
677,3
5718,3
2013,3
1620,3
2050,3
1783,3
314,3
2240,3
575,3
658,3
2331,3
2298,3
796,3
3811,3
2566,3
6434,3
741,3
364,3
511,3
773,3
2325,3
276,3
761,3
2183,3
1630,3
4377,3
1033,3
690,3
346,3
859,3
9989,3
891,3
323,3
620,3
2570,3
291,3
7501,3
316,3
8383,3
1702,3
571,3
665,3
556,3
7568,3
372,3
671,3
2573,3
2144,3
754,3
7819,3
2178,3
4590,3
12570,3
536,3
492,3
551,3
2713,3
2203,3
825,3
318,3
1968,3
568,3
519,3
252,3
1943,3
513,3
562,3
1634,3
5756,3
13278,3
530,3
498,3
2547,3
5430,3
417,3
2494,3
12003,3
268,3
2611,3
2592,3
545,3
2221,3
1662,3
6127,2
1965,2
9257,2
10185,2
6318,2
7182,2
10504,2
9193,2
5967,2
5007,2
8457,2
4239,2
7214,2
3244,2
9417,2
1869,2
14283,2
12683,2
7246,2
2444,2
7054,2
3180,2
3052,2
4012,2
5167,2
8585,2
6382,2
9289,2
4335,2
10089,2
7278,2
6510,2
11272,2
1933,2
7086,2
5199,2
5999,2
9321,2
8425,2
6095,2
5071,2
10217,2
9225,2
2348,2
7150,2
2380,2
5039,2
7118,2
10121,2
6350,2
3212,2
14634,2
6031,2
9129,2
5231,2
4367,2
8393,2
5263,2
4399,2
2412,2
8046,2
10536,2
2029,2
2284,2
8142,2
4431,2
4076,2
8489,2
3084,2
11400,2
7310,2
1997,2
6478,2
2252,2
685,2
3916,2
9801,2
2636,2
3660,2
6926,2
9641,2
4879,2
11880,2
9001,2
9833,2
6702,2
7790,2
2604,2
5743,2
14890,2
9865,2
11688,2
6958,2
3724,2
5775,2
4911,2
8745,2
10792,2
5519,2
11080,2
11944,2
7566,2
4623,2
1421,2
13899,2
4847,2
6542,2
4687,2
5615,2
10952,2
7694,2
9769,2
1517,2
2732,2
9705,2
8873,2
6862,2
4751,2
1101,2
3628,2
7630,2
4815,2
8841,2
3532,2
1581,2
9673,2
6766,2
8937,2
2796,2
7726,2
7598,2
749,2
1453,2
6894,2
5679,2
3756,2
1709,2
9033,2
7854,2
8681,2
9513,2
5391,2
4559,2
7438,2
6606,2
2188,2
3852,2
7406,2
7022,2
3308,2
5903,2
4975,2
10025,2
3884,2
10696,2
9449,2
13195,2
1837,2
2476,2
7982,2
8617,2
2956,2
5935,2
5327,2
3276,2
4495,2
16138,2
9993,2
2540,2
9577,2
5807,2
2892,2
11976,2
6670,2
3788,2
3468,2
9609,2
5487,2
7534,2
7886,2
3436,2
5839,2
9961,2
5871,2
8713,2
5455,2
10760,2
4591,2
4943,2
9065,2
7502,2
3404,2
3820,2
2924,2
3372,2
7918,2
5423,2
6863,2
8329,2
11342,2
11214,2
9167,2
7144,2
5097,2
3050,2
9199,2
5129,2
7208,2
5161,2
11310,2
7240,2
5193,2
3146,2
7272,2
5961,2
5225,2
3178,2
13421,2
11374,2
9327,2
7304,2
5257,2
3210,2
9359,2
5289,2
3242,2
15532,2
9391,2
3018,2
9135,2
5033,2
7080,2
715,2
8911,2
6888,2
4841,2
2794,2
10990,2
6920,2
2826,2
6952,2
4905,2
2858,2
11054,2
9007,2
6984,2
2890,2
843,2
11086,2
9039,2
7016,2
4969,2
2922,2
875,2
11118,2
9071,2
5001,2
2954,2
9103,2
7368,2
5321,2
9423,2
5641,2
7720,2
3626,2
9775,2
9807,2
7784,2
3690,2
11886,2
5769,2
3722,2
9871,2
1707,2
7880,2
5833,2
3786,2
9935,2
5865,2
1771,2
7944,2
5897,2
3850,2
9999,2
7976,2
5929,2
3882,2
1835,2
14125,2
10031,2
1547,2
7688,2
5353,2
1515,2
15596,2
9455,2
7432,2
5385,2
1291,2
13581,2
9487,2
7464,2
5417,2
3370,2
7496,2
15692,2
9551,2
7528,2
3434,2
3466,2
15756,2
13709,2
7592,2
9647,2
7624,2
3530,2
1483,2
9679,2
7656,2
5609,2
3562,2
2762,2
4809,2
10926,2
3883,2
8009,2
3915,2
5992,2
8041,2
1898,2
3947,2
10094,2
1930,2
3979,2
10126,2
6056,2
4011,2
14252,2
10158,2
6088,2
8137,2
4043,2
10190,2
12239,2
6120,2
8169,2
10222,2
6152,2
8207,2
6184,2
2090,2
10286,2
5960,2
1834,2
4169,2
7977,2
5608,2
7657,2
5672,2
3627,2
5704,2
1610,2
9806,2
11855,2
5736,2
1642,2
11887,2
7817,2
1674,2
3723,2
9870,2
5800,2
7849,2
1706,2
3755,2
5832,2
3787,2
1770,2
3819,2
5896,2
7945,2
1802,2
16141,2
8239,2
2122,2
12973,2
4521,2
12717,2
10670,2
8623,2
6600,2
8655,2
6632,2
4585,2
2538,2
10734,2
8687,2
6664,2
6696,2
4649,2
2602,2
14892,2
8751,2
6728,2
4681,2
2634,2
8783,2
6760,2
10862,2
8815,2
6792,2
8847,2
6824,2
4777,2
2474,2
10638,2
12365,2
6536,2
8271,2
4201,2
12397,2
8303,2
6280,2
4233,2
2186,2
8335,2
6312,2
4265,2
10414,2
4297,2
8399,2
4329,2
2282,2
12525,2
8431,2
4361,2
8463,2
6440,2
10542,2
6472,2
2378,2
8527,2
6504,2
4457,2
10606,2
8008,2
3914,2
10376,2
3533,2
3405,2
5454,2
7503,2
9576,2
3437,2
5486,2
7535,2
1420,2
3469,2
7567,2
13738,2
1452,2
3501,2
5582,2
1867,2
9704,2
1516,2
3565,2
5614,2
7663,2
1548,2
3597,2
5646,2
7695,2
9768,2
13866,2
3629,2
5678,2
9544,2
7471,2
5422,2
1324,2
11305,2
3117,2
7215,2
9288,2
5198,2
7247,2
9320,2
11369,2
5230,2
1164,2
3245,2
5294,2
7343,2
9416,2
11465,2
3277,2
5326,2
7375,2
9448,2
3309,2
5358,2
7407,2
9480,2
5390,2
7439,2
9512,2
11561,2
9800,2
3661,2
5710,2
4013,2
8111,2
14282,2
1996,2
4045,2
6094,2
10216,2
4077,2
6126,2
8175,2
10248,2
8201,2
6158,2
4111,2
8233,2
2092,2
6190,2
4143,2
10312,2
8265,2
14410,2
2124,2
6222,2
4175,2
8297,2
2156,2
6254,2
4207,2
6062,2
10152,2
9832,2
8079,2
9864,2
1676,2
3725,2
13994,2
5806,2
7855,2
9928,2
5838,2
9960,2
7919,2
9992,2
1804,2
7951,2
1836,2
3885,2
5934,2
10056,2
5966,2
10088,2
1900,2
3949,2
5998,2
8047,2
10120,2
16267,2
3981,2
6030,2
9256,2
5134,2
3085,2
4206,2
8328,2
2189,2
4238,2
6287,2
4270,2
6319,2
4302,2
6351,2
8424,2
12522,2
4334,2
6383,2
2317,2
6415,2
8488,2
6447,2
8520,2
10569,2
2381,2
6479,2
8552,2
4462,2
8584,2
2445,2
4494,2
6543,2
8616,2
6255,2
2157,2
8648,2
6223,2
14157,2
10063,2
8040,2
3946,2
1899,2
8072,2
3978,2
1931,2
8104,2
6057,2
4010,2
6089,2
4042,2
12238,2
2027,2
10223,2
10249,2
2061,2
4110,2
6159,2
10281,2
2093,2
4142,2
6191,2
8264,2
2125,2
4174,2
12714,2
10697,2
9224,2
4814,2
8936,2
748,2
4846,2
6895,2
11017,2
2829,2
4878,2
9000,2
2861,2
4910,2
9032,2
11081,2
2893,2
9064,2
7023,2
5006,2
7055,2
2989,2
5038,2
7087,2
9160,2
3021,2
5070,2
7119,2
9192,2
3053,2
7151,2
4108,2
8904,2
460,2
6831,2
4558,2
6607,2
8680,2
12778,2
2541,2
6639,2
8712,2
524,2
4622,2
8744,2
10793,2
14891,2
2605,2
4654,2
10825,2
588,2
4686,2
6735,2
8808,2
4718,2
8840,2
2701,2
4750,2
6799,2
8872,2
2733,2
4782,2
8202,2
10250,2
6157,2
13079,2
4947,2
849,2
2896,2
11060,2
6962,2
2864,2
8981,2
3920,2
4883,2
6930,2
6898,2
8917,2
10964,2
6866,2
11092,2
7026,2
4979,2
9077,2
2960,2
9109,2
2992,2
7090,2
11188,2
9141,2
3024,2
9173,2
3056,2
7154,2
9205,2
7186,2
5139,2
2768,2
8885,2
4787,2
4595,2
4435,2
12631,2
2416,2
369,2
6514,2
401,2
6546,2
10644,2
6578,2
2512,2
6610,2
4563,2
2544,2
6642,2
10740,2
6834,2
2576,2
4627,2
10772,2
6738,2
4691,2
8789,2
2672,2
625,2
4723,2
10868,2
8821,2
6802,2
4755,2
2736,2
11284,2
5171,2
3152,2
9845,2
9685,2
9717,2
3600,2
1553,2
5651,2
3632,2
1585,2
5683,2
9781,2
1617,2
7762,2
3696,2
7794,2
5747,2
3728,2
5555,2
1681,2
7826,2
11924,2
9877,2
7858,2
1745,2
7890,2
5843,2
3824,2
1777,2
9973,2
3856,2
1809,2
5907,2
3536,2
3504,2
7250,2
7378,2
9301,2
15446,2
3184,2
11380,2
9333,2
3216,2
1169,2
5267,2
11412,2
9365,2
7346,2
9397,2
15542,2
3280,2
3312,2
11668,2
5363,2
3344,2
7442,2
5395,2
3376,2
7474,2
5427,2
9525,2
3408,2
5459,2
9557,2
3440,2
7538,2
3472,2
6482,2
2384,2
8501,2
7731,2
11669,2
1456,2
3505,2
5554,2
7603,2
3537,2
5586,2
1520,2
3601,2
5650,2
9748,2
13846,2
3633,2
5682,2
9780,2
7571,2
3665,2
5714,2
7763,2
9812,2
1648,2
3697,2
9844,2
1680,2
3729,2
5778,2
7827,2
9876,2
1712,2
3761,2
9620,2
5522,2
1744,2
3313,2
3185,2
5234,2
7283,2
9332,2
3217,2
7315,2
9364,2
5298,2
7347,2
9396,2
11445,2
3281,2
5330,2
9428,2
5362,2
3473,2
7411,2
3345,2
5394,2
9492,2
3377,2
7475,2
9524,2
15671,2
3409,2
5458,2
9556,2
3441,2
7539,2
11637,2
7859,2
3793,2
4403,2
8341,2
6162,2
10260,2
6194,2
8245,2
6226,2
10324,2
8277,2
12375,2
6258,2
4211,2
8309,2
2192,2
6290,2
4243,2
14486,2
4081,2
6322,2
4275,2
10420,2
8373,2
6354,2
10452,2
2288,2
4339,2
2320,2
6418,2
4371,2
8469,2
14614,2
2352,2
2064,2
2032,2
5842,2
12085,2
7891,2
1776,2
5874,2
7923,2
9972,2
1808,2
3857,2
5906,2
10004,2
12053,2
3889,2
5938,2
7987,2
10036,2
1872,2
10196,2
5970,2
8019,2
10068,2
1904,2
3953,2
6002,2
1936,2
6034,2
4017,2
10164,2
2000,2
4049,2
6098,2
8147,2
1841,2
1873,2
9300,2
3539,2
7697,2
9718,2
3571,2
1522,2
5616,2
11735,2
1490,2
5971,2
5584,2
11703,2
9654,2
3507,2
1458,2
5552,2
1554,2
3603,2
9750,2
5680,2
1586,2
3635,2
9782,2
5712,2
7761,2
1618,2
3667,2
5744,2
1650,2
7825,2
1682,2
3731,2
5808,2
9622,2
3475,2
1426,2
5392,2
15509,2
9366,2
11415,2
5296,2
7345,2
1202,2
3251,2
1234,2
3283,2
9430,2
5360,2
1266,2
3315,2
9462,2
7441,2
7569,2
3347,2
5424,2
7473,2
3379,2
9526,2
5456,2
7505,2
3411,2
15701,2
11607,2
5488,2
7537,2
3443,2
9590,2
3763,2
9910,2
5840,2
6288,2
10230,2
12279,2
6160,2
4113,2
10262,2
6192,2
4145,2
2098,2
10294,2
6224,2
2130,2
8279,2
4209,2
2162,2
2194,2
2034,2
10390,2
6320,2
4273,2
2226,2
10422,2
6352,2
4305,2
8407,2
6384,2
4337,2
2290,2
8439,2
6416,2
4369,2
4083,2
6128,2
7889,2
10038,2
1746,2
3795,2
9942,2
5872,2
7921,2
9974,2
5904,2
1810,2
3859,2
14100,2
10006,2
5936,2
1842,2
3891,2
1874,2
4051,2
10070,2
6000,2
8049,2
1906,2
3955,2
10102,2
1938,2
3987,2
6064,2
1970,2
4019,2
6096,2
8145,2
2002,2
3219,2
7313,2
5264,2
4432,2
8374,2
10423,2
4304,2
6353,2
2259,2
8406,2
10455,2
14581,2
8438,2
4368,2
6417,2
2323,2
4400,2
6449,2
6481,2
8342,2
2387,2
4464,2
8566,2
6545,2
2451,2
8598,2
4528,2
6577,2
2483,2
6609,2
12756,2
10711,2
4592,2
6641,2
4272,2
2195,2
4624,2
4080,2
12116,2
3952,2
1905,2
8050,2
1937,2
6035,2
4016,2
1969,2
8114,2
6067,2
10165,2
4048,2
6099,2
12244,2
6131,2
6289,2
10229,2
14327,2
6161,2
10263,2
2099,2
8246,2
4176,2
12372,2
10327,2
6257,2
2163,2
12404,2
8310,2
4240,2
14837,2
2579,2
9334,2
9174,2
7025,2
9078,2
11127,2
5008,2
7057,2
914,2
2963,2
9110,2
5040,2
2995,2
9142,2
5072,2
978,2
3027,2
7153,2
11095,2
3059,2
7185,2
3091,2
13332,2
11287,2
5168,2
7217,2
3123,2
9270,2
3155,2
9302,2
5232,2
7281,2
3187,2
4976,2
9046,2
8726,2
8854,2
4656,2
6705,2
12852,2
10807,2
4688,2
8790,2
10839,2
4720,2
6769,2
2675,2
8822,2
10871,2
6801,2
12948,2
10903,2
2899,2
6833,2
8886,2
4816,2
6865,2
722,2
2771,2
2803,2
4880,2
4912,2
6961,2
2867,2
9014,2
4944,2
6993,2
11349,2
7251,2
8234,2
7885,2
3823,2
1774,2
7917,2
5868,2
3791,2
1742,2
5836,2
2574,2
11979,2
9930,2
3759,2
1710,2
7853,2
9898,2
16137,2
1806,2
5932,2
7981,2
1838,2
3887,2
5964,2
8013,2
3919,2
12139,2
5996,2
1902,2
3951,2
1934,2
3983,2
10154,2
6060,2
3727,2
1678,2
7821,2
1518,2
5516,2
7565,2
1422,2
3471,2
15785,2
9642,2
3503,2
5580,2
7629,2
3535,2
9706,2
11755,2
5612,2
7661,2
3567,2
11915,2
9738,2
1550,2
3599,2
5676,2
7725,2
1582,2
13896,2
9802,2
5708,2
1614,2
11883,2
5740,2
7789,2
1646,2
8109,2
6092,2
8141,2
2414,2
10506,2
8459,2
6412,2
4365,2
2318,2
4397,2
2350,2
8523,2
6476,2
2382,2
12649,2
10602,2
8555,2
6508,2
6540,2
4333,2
4493,2
2446,2
8619,2
6572,2
4525,2
2478,2
10698,2
4557,2
2510,2
12777,2
8683,2
4589,2
2542,2
6668,2
2286,2
6380,2
1998,2
10346,2
4047,2
10218,2
12267,2
8173,2
2030,2
12297,2
3531,2
8203,2
2062,2
6188,2
4141,2
8267,2
2126,2
12393,2
8299,2
8427,2
6252,2
2158,2
10378,2
8331,2
4237,2
2190,2
8363,2
6316,2
4269,2
2222,2
10442,2
6348,2
4301,2
10474,2
11659,2
9610,2
3439,2
4588,2
2383,2
4460,2
6509,2
2415,2
8586,2
4492,2
2447,2
8618,2
4524,2
430,2
4556,2
6605,2
2511,2
8682,2
6637,2
10571,2
8714,2
10763,2
4620,2
6669,2
526,2
12840,2
8746,2
2607,2
4684,2
6733,2
10859,2
2671,2
10891,2
4748,2
4428,2
8522,2
8874,2
8362,2
4140,2
6189,2
2095,2
8266,2
10315,2
4172,2
6221,2
4204,2
2159,2
8330,2
10379,2
4236,2
6285,2
2191,2
4268,2
2351,2
6317,2
2223,2
10443,2
4300,2
6349,2
8426,2
10475,2
4332,2
6381,2
8458,2
10507,2
4364,2
10539,2
4396,2
2703,2
4780,2
7533,2
15497,2
5132,2
3087,2
11307,2
5164,2
7213,2
3119,2
9290,2
11339,2
3151,2
15465,2
9322,2
5228,2
7277,2
3183,2
7309,2
3055,2
5292,2
3247,2
9450,2
7405,2
3311,2
5388,2
7437,2
3343,2
5420,2
7469,2
3375,2
5452,2
9578,2
5484,2
9226,2
9194,2
686,2
11051,2
2735,2
13000,2
8906,2
4812,2
6861,2
2767,2
8938,2
4844,2
6893,2
2799,2
8970,2
11019,2
4876,2
2831,2
4908,2
3023,2
6957,2
814,2
2863,2
11083,2
4940,2
846,2
2927,2
7053,2
2959,2
7085,2
2991,2
9162,2
5068,2
7117,2
4621,2
8747,2
9268,2
4370,2
12598,2
8500,2
6451,2
12566,2
8468,2
6419,2
2321,2
6700,2
10485,2
8436,2
8404,2
4306,2
2257,2
6323,2
4434,2
4466,2
6515,2
10613,2
2449,2
6547,2
8596,2
10645,2
4530,2
6579,2
8628,2
12726,2
14775,2
4562,2
6611,2
8660,2
12758,2
4274,2
2225,2
8340,2
1999,2
8012,2
3918,2
10091,2
8044,2
5997,2
3982,2
1935,2
10155,2
8108,2
4014,2
1967,2
14281,2
10187,2
4094,2
10219,2
6291,2
8172,2
4078,2
2031,2
6163,2
2097,2
4146,2
6195,2
8244,2
4178,2
12374,2
2161,2
6259,2
8308,2
14455,2
2545,2
4594,2
8692,2
7059,2
2865,2
4914,2
6963,2
2897,2
4946,2
6995,2
9044,2
11093,2
2929,2
4978,2
7027,2
9076,2
11125,2
5010,2
2993,2
8980,2
5042,2
9140,2
11189,2
3025,2
9172,2
11221,2
1008,2
3057,2
5106,2
5138,2
7187,2
9236,2
1072,2
5170,2
816,2
6931,2
6675,2
6771,2
8724,2
10773,2
2609,2
4658,2
8756,2
10805,2
2641,2
4690,2
6739,2
8788,2
10837,2
12886,2
2673,2
4722,2
2705,2
4882,2
4754,2
10901,2
6835,2
8884,2
10933,2
4818,2
8916,2
10965,2
15063,2
2801,2
6899,2
8948,2
10997,2
2833,2
1839,2
3886,2
5933,2
5069,2
7020,2
4973,2
2926,2
9099,2
7052,2
5005,2
2958,2
11178,2
9131,2
7084,2
5037,2
2990,2
943,2
7116,2
3022,2
11114,2
11242,2
9195,2
5101,2
3054,2
13321,2
5133,2
3086,2
9259,2
7212,2
3118,2
1071,2
7244,2
5197,2
3150,2
9067,2
2894,2
7276,2
10954,2
4653,2
2606,2
10826,2
8779,2
8811,2
4717,2
2670,2
8843,2
6796,2
4749,2
10922,2
4781,2
2734,2
687,2
8907,2
4941,2
6860,2
2766,2
10986,2
2798,2
11018,2
4877,2
15144,2
13097,2
6956,2
4909,2
2862,2
11082,2
9035,2
6988,2
9323,2
5229,2
7980,2
5773,2
3566,2
7692,2
5645,2
11818,2
7724,2
5677,2
3630,2
9803,2
5709,2
1615,2
9835,2
7788,2
5741,2
9867,2
1679,2
9707,2
7852,2
3758,2
9931,2
5837,2
3790,2
7916,2
5869,2
3822,2
1775,2
9995,2
5901,2
1807,2
12074,2
10027,2
5613,2
11754,2
3182,2
7468,2
1135,2
11402,2
7308,2
5261,2
3214,2
11434,2
5293,2
3246,2
11466,2
5357,2
3310,2
9483,2
1295,2
9515,2
9547,2
1487,2
7500,2
3406,2
1359,2
7532,2
11658,2
7564,2
5517,2
9643,2
7596,2
3502,2
9675,2
7628,2
5581,2
3534,2
9678,2
5451,2
9646,2
11302,2
5217,2
7264,2
11334,2
13381,2
3138,2
7232,2
3106,2
9319,2
5153,2
7200,2
9223,2
15364,2
3074,2
5121,2
3170,2
7296,2
3330,2
3266,2
9447,2
3298,2
5345,2
7392,2
9415,2
11462,2
5313,2
5249,2
7360,2
3234,2
5281,2
9351,2
11398,2
1155,2
7168,2
9191,2
11238,2
13061,2
11046,2
15140,2
4897,2
6944,2
8967,2
11014,2
4865,2
5089,2
6912,2
4833,2
6880,2
8903,2
10950,2
2754,2
8999,2
6976,2
2882,2
7008,2
4961,2
2914,2
11110,2
4993,2
2946,2
899,2
7072,2
5025,2
2978,2
5057,2
3010,2
11206,2
9159,2
5377,2
9479,2
6694,2
3746,2
1763,2
5857,2
7904,2
3778,2
5825,2
7872,2
5793,2
7936,2
9863,2
1667,2
5761,2
7808,2
9831,2
11878,2
9959,2
5889,2
7456,2
10055,2
10119,2
1923,2
3970,2
8064,2
3938,2
8032,2
3906,2
1795,2
5953,2
8000,2
10023,2
3874,2
7968,2
14085,2
1635,2
3682,2
5729,2
7520,2
7616,2
3490,2
5537,2
3458,2
5505,2
5473,2
3394,2
7776,2
5441,2
7488,2
9511,2
13605,2
3362,2
5409,2
3554,2
11750,2
9703,2
7680,2
5633,2
3586,2
1539,2
9735,2
7712,2
5665,2
3618,2
1571,2
9767,2
7744,2
5697,2
3650,2
1603,2
4801,2
6848,2
2722,2
3843,2
5984,2
3907,2
1858,2
10022,2
3875,2
1826,2
1794,2
10086,2
5888,2
7873,2
5824,2
9894,2
3747,2
1698,2
1890,2
6016,2
4769,2
1986,2
4067,2
8161,2
6112,2
12231,2
10182,2
4035,2
10150,2
8065,2
1954,2
8097,2
6048,2
10118,2
3971,2
1922,2
7841,2
9862,2
3715,2
7617,2
3555,2
7649,2
5600,2
9670,2
13764,2
3523,2
5568,2
1666,2
9638,2
3491,2
1442,2
7585,2
5536,2
3459,2
9702,2
5632,2
7681,2
1538,2
9734,2
5664,2
1570,2
3619,2
9766,2
5696,2
7745,2
3651,2
7777,2
3683,2
9830,2
5760,2
7809,2
10214,2
6144,2
8199,2
8615,2
6656,2
8679,2
10726,2
2530,2
4577,2
4545,2
14756,2
4449,2
2466,2
6560,2
8583,2
10630,2
2434,2
8551,2
4609,2
10758,2
4641,2
8743,2
6720,2
4673,2
2626,2
10822,2
8775,2
6752,2
2658,2
10854,2
8807,2
6784,2
4737,2
2690,2
6816,2
2402,2
6496,2
2082,2
8295,2
6336,2
2210,2
4257,2
6304,2
4225,2
6272,2
10342,2
8519,2
8263,2
10310,2
4161,2
6208,2
8231,2
10278,2
4289,2
2242,2
12485,2
6368,2
4321,2
8423,2
4353,2
2306,2
259,2
8455,2
6432,2
4385,2
10534,2
8487,2
4417,2
2370,2
10566,2
8096,2
6049,2
4002,2
9888,2
5830,2
9920,2
7847,2
5798,2
3749,2
1700,2
7815,2
12001,2
3717,2
5734,2
1636,2
9824,2
7751,2
5702,2
7879,2
1764,2
3365,2
5958,2
6022,2
3973,2
1924,2
10112,2
5990,2
8007,2
10048,2
5862,2
7975,2
3877,2
3845,2
1796,2
9984,2
7911,2
1604,2
11841,2
9792,2
9600,2
11681,2
9632,2
7559,2
5510,2
3461,2
11649,2
7527,2
7719,2
1380,2
13666,2
9568,2
15683,2
11585,2
7463,2
3493,2
5542,2
7591,2
9664,2
11713,2
3525,2
5574,2
7623,2
1508,2
3557,2
5606,2
9728,2
3589,2
5638,2
7687,2
1572,2
5670,2
10144,2
16291,2
1956,2
6470,2
2436,2
4455,2
357,2
8545,2
10592,2
4423,2
2340,2
8417,2
4359,2
6406,2
14594,2
8449,2
4327,2
6374,2
6534,2
10656,2
6566,2
4519,2
8641,2
12739,2
6598,2
4551,2
8673,2
2532,2
6630,2
10752,2
8705,2
2564,2
6662,2
4615,2
8737,2
2276,2
4295,2
4005,2
8167,2
2084,2
8225,2
4103,2
6150,2
8193,2
10240,2
2020,2
2244,2
8135,2
6086,2
4037,2
10176,2
8103,2
6054,2
6182,2
8257,2
2116,2
6214,2
8289,2
2148,2
6246,2
4199,2
8321,2
2180,2
6278,2
4231,2
12451,2
2212,2
6310,2
4263,2
8385,2
5414,2
5382,2
1955,2
8512,2
10625,2
8576,2
6503,2
4454,2
6471,2
4422,2
6439,2
6535,2
2341,2
6407,2
4358,2
2309,2
8448,2
6375,2
4486,2
12706,2
3333,2
6631,2
8736,2
6663,2
4614,2
2565,2
12802,2
8704,2
484,2
2469,2
12770,2
6599,2
4550,2
2501,2
6567,2
4518,2
4326,2
2277,2
8416,2
4066,2
4102,2
2053,2
10241,2
8192,2
10215,2
2019,2
6113,2
6343,2
10183,2
1987,2
4034,2
6081,2
8128,2
12198,2
6151,2
4134,2
6183,2
8256,2
2117,2
4166,2
6215,2
8288,2
2149,2
4198,2
8320,2
6279,2
8352,2
10401,2
2213,2
8384,2
2245,2
2597,2
4646,2
8768,2
9248,2
9312,2
7239,2
9280,2
7207,2
5158,2
11297,2
7175,2
5030,2
3077,2
11265,2
7143,2
3045,2
11233,2
5062,2
11361,2
3173,2
9344,2
11393,2
5254,2
7303,2
3237,2
5286,2
7335,2
9408,2
11457,2
3269,2
7367,2
3301,2
5350,2
9472,2
11521,2
3013,2
2981,2
2629,2
4774,2
8928,2
6855,2
4806,2
2757,2
10945,2
8896,2
10913,2
11169,2
8864,2
6791,2
8832,2
4710,2
6727,2
4678,2
15075,2
2789,2
4838,2
6887,2
8960,2
11041,2
4902,2
6951,2
11073,2
2885,2
4934,2
6983,2
2917,2
7015,2
9088,2
2949,2
7047,2
1410,2
7553,2
9574,2
7971,2
8035,2
5986,2
3937,2
1888,2
8003,2
5954,2
3873,2
1920,2
1824,2
5890,2
3841,2
1792,2
9956,2
7907,2
10084,2
3969,2
5570,2
10180,2
2048,2
10212,2
8163,2
6114,2
4065,2
2016,2
4033,2
6018,2
1984,2
8099,2
6050,2
4001,2
1952,2
8067,2
5858,2
1760,2
9924,2
7683,2
1600,2
9764,2
7715,2
5666,2
3617,2
1568,2
15847,2
7875,2
11749,2
9700,2
7651,2
3553,2
1504,2
9668,2
3649,2
7747,2
13894,2
1632,2
5730,2
7779,2
9828,2
11877,2
3713,2
5762,2
9860,2
1696,2
5794,2
7843,2
9892,2
1728,2
3777,2
6146,2
4099,2
8197,2
6658,2
12871,2
10820,2
4675,2
2624,2
8709,2
4611,2
2560,2
4515,2
6626,2
2528,2
8645,2
4547,2
6594,2
449,2
6754,2
4707,2
10852,2
2688,2
641,2
6786,2
4739,2
12935,2
2720,2
6818,2
4771,2
12967,2
2752,2
6850,2
4803,2
8901,2
10980,2
8613,2
6530,2
4131,2
4227,2
4259,2
6306,2
161,2
12423,2
8325,2
10372,2
6274,2
2432,2
2176,2
4195,2
8261,2
4163,2
8229,2
10276,2
8357,2
12455,2
6338,2
4291,2
6370,2
8421,2
6402,2
2336,2
10532,2
8485,2
2368,2
6466,2
4419,2
2400,2
6498,2
4451,2
12647,2
7619,2
3521,2
6914,2
6563,2
4578,2
2529,2
8644,2
4546,2
2497,2
8612,2
6531,2
2561,2
2433,2
6499,2
4450,2
2401,2
8516,2
6467,2
8676,2
10757,2
1472,2
4738,2
6851,2
2753,2
8868,2
4770,2
2721,2
6787,2
4706,2
2593,2
10821,2
4674,2
2625,2
576,2
10789,2
6691,2
2369,2
320,2
10533,2
6211,2
4226,2
2177,2
10341,2
6243,2
4194,2
8260,2
64,2
8484,2
6179,2
4130,2
12294,2
6147,2
4098,2
2049,2
4258,2
6307,2
12454,2
2241,2
4290,2
6339,2
8388,2
4322,2
6371,2
8420,2
2305,2
6403,2
8452,2
12550,2
2337,2
4386,2
6435,2
10949,2
6883,2
8932,2
7331,2
5378,2
3329,2
7395,2
9412,2
7363,2
3265,2
3233,2
7235,2
7299,2
3201,2
11365,2
9316,2
5218,2
3169,2
7427,2
3361,2
5410,2
7459,2
9508,2
3393,2
5442,2
7491,2
9540,2
7523,2
9572,2
1408,2
3457,2
5506,2
1440,2
3489,2
9636,2
9284,2
3137,2
2817,2
6979,2
896,2
15207,2
11109,2
7011,2
11077,2
9028,2
4930,2
9252,2
15143,2
8996,2
4898,2
2849,2
8964,2
4866,2
2945,2
4994,2
9092,2
928,2
7075,2
9124,2
11173,2
3009,2
5058,2
7107,2
9156,2
3041,2
5090,2
7171,2
1056,2
5154,2
7203,2
2816,2
11012,2
15717,2
10791,2
6785,2
4736,2
10855,2
2659,2
2627,2
6721,2
2595,2
8838,2
6689,2
4640,2
8710,2
12804,2
514,2
6657,2
2691,2
10887,2
6241,2
8902,2
8966,2
4864,2
10983,2
8934,2
6881,2
10951,2
6849,2
4768,2
10919,2
8870,2
15013,2
12964,2
2723,2
6817,2
4608,2
8678,2
2531,2
12484,2
6401,2
10471,2
2275,2
6369,2
4320,2
10439,2
6337,2
6625,2
10407,2
2211,2
4256,2
8326,2
4224,2
8294,2
6433,2
10535,2
4416,2
6465,2
2371,2
6497,2
2403,2
8550,2
6529,2
4512,2
2467,2
8614,2
4544,2
6593,2
2499,2
8646,2
4576,2
4896,2
802,2
4928,2
3235,2
5344,2
11463,2
9414,2
3267,2
7361,2
5312,2
7329,2
7265,2
5280,2
9350,2
3203,2
7297,2
5248,2
9318,2
7393,2
3299,2
9446,2
11495,2
5376,2
7425,2
3331,2
9478,2
11527,2
5408,2
7457,2
3363,2
9510,2
5440,2
7489,2
5472,2
7521,2
3171,2
5216,2
834,2
7041,2
15269,2
7073,2
5024,2
9094,2
15237,2
2947,2
4992,2
3139,2
9062,2
13156,2
2915,2
4960,2
9030,2
2883,2
9126,2
15301,2
5088,2
7137,2
3043,2
9190,2
7169,2
3075,2
15365,2
9222,2
11271,2
5152,2
7201,2
9254,2
11303,2
5184,2
7233,2
2147,2
4192,2
8965,2
3232,2
7394,2
3264,2
15526,2
9381,2
5283,2
7330,2
9349,2
9445,2
11396,2
5251,2
7298,2
3200,2
9317,2
7266,2
5347,2
13543,2
8262,2
7522,2
5507,2
7554,2
1409,2
3456,2
15718,2
5475,2
3424,2
3328,2
9541,2
3392,2
5411,2
7458,2
5379,2
7426,2
9285,2
11332,2
5187,2
7010,2
7074,2
2976,2
7042,2
2944,2
9061,2
4963,2
2912,2
3136,2
9029,2
6978,2
15142,2
8997,2
4899,2
6946,2
5027,2
11172,2
3008,2
7106,2
5059,2
11204,2
9157,2
3040,2
11236,2
9189,2
3072,2
7170,2
5123,2
11268,2
9221,2
5155,2
9253,2
9605,2
1441,2
5539,2
3904,2
3968,2
5987,2
8034,2
3936,2
10053,2
5955,2
10021,2
5859,2
5923,2
7970,2
14087,2
5891,2
1793,2
3840,2
1921,2
8066,2
6019,2
8098,2
6051,2
1985,2
6083,2
8162,2
4096,2
6145,2
10247,2
4128,2
6177,2
2083,2
8230,2
4160,2
2115,2
9957,2
1761,2
11684,2
1537,2
7714,2
1569,2
3616,2
9733,2
5635,2
7682,2
5603,2
3808,2
7650,2
1505,2
3552,2
5571,2
1473,2
3520,2
5667,2
9765,2
3648,2
1601,2
7746,2
5699,2
9797,2
3680,2
7778,2
9829,2
3712,2
1665,2
7810,2
3744,2
9893,2
3776,2
7874,2
2596,2
4647,2
15789,2
12205,2
4073,2
2024,2
10188,2
8139,2
6090,2
1992,2
10156,2
12269,2
8107,2
4009,2
1960,2
8075,2
3977,2
1928,2
6122,2
2056,2
6314,2
4171,2
4235,2
6282,2
2184,2
4203,2
14414,2
8269,2
6218,2
6154,2
2120,2
12335,2
8237,2
6186,2
8205,2
4107,2
8043,2
3945,2
1896,2
5738,2
3753,2
1704,2
5770,2
3721,2
11885,2
7787,2
3689,2
5962,2
9804,2
5706,2
3657,2
1608,2
7723,2
3625,2
5802,2
7851,2
9900,2
5834,2
3817,2
5866,2
7915,2
9964,2
5898,2
7947,2
1832,2
3881,2
5930,2
7979,2
10028,2
1864,2
3913,2
2216,2
4267,2
8769,2
6826,2
8909,2
4811,2
6858,2
2760,2
8877,2
4779,2
2728,2
10988,2
4747,2
8813,2
2664,2
12879,2
4683,2
8717,2
4843,2
4875,2
10412,2
11084,2
7050,2
9069,2
4971,2
7018,2
2920,2
9037,2
4939,2
11020,2
6986,2
2888,2
9005,2
4907,2
2856,2
8973,2
4619,2
2568,2
14830,2
8429,2
6474,2
2376,2
12591,2
10540,2
4363,2
6410,2
4331,2
10732,2
6378,2
233,2
2280,2
8397,2
4299,2
8365,2
4427,2
8525,2
2408,2
6506,2
10604,2
2440,2
6538,2
4491,2
8589,2
6570,2
4523,2
10668,2
8621,2
8653,2
2536,2
6634,2
4587,2
5642,2
3593,2
1544,2
8588,2
6635,2
4586,2
4554,2
2505,2
10669,2
4522,2
6539,2
6667,2
8556,2
4458,2
2409,2
8524,2
6475,2
4426,2
4618,2
6699,2
7659,2
4746,2
10957,2
8908,2
6859,2
8876,2
10893,2
6795,2
2697,2
8748,2
12910,2
6763,2
8780,2
6731,2
4682,2
10797,2
2377,2
6443,2
4394,2
6155,2
10317,2
6219,2
4170,2
8236,2
4138,2
40,2
2057,2
8460,2
4070,2
8164,2
1991,2
6085,2
8132,2
1959,2
4202,2
10349,2
2185,2
6283,2
8332,2
2217,2
6315,2
8364,2
2249,2
8396,2
2281,2
4330,2
6379,2
8428,2
10477,2
4362,2
6411,2
6891,2
776,2
2825,2
3305,2
3369,2
7435,2
3337,2
9452,2
7403,2
5354,2
1256,2
5226,2
3273,2
5290,2
3241,2
7307,2
5258,2
11373,2
5418,2
9516,2
5450,2
7499,2
9548,2
3433,2
7531,2
5514,2
7563,2
1448,2
7595,2
9644,2
1480,2
3529,2
1512,2
3561,2
5610,2
7275,2
11341,2
4874,2
9036,2
7051,2
9068,2
7019,2
4970,2
2921,2
11085,2
6987,2
9292,2
4938,2
6955,2
2857,2
13070,2
8972,2
6923,2
936,2
2985,2
5034,2
11181,2
3049,2
5098,2
9196,2
11245,2
5130,2
7179,2
9228,2
3113,2
5162,2
7211,2
9260,2
3145,2
7243,2
5003,2
11148,2
9101,2
4680,2
2667,2
618,2
6761,2
4712,2
10831,2
6729,2
10799,2
10863,2
8750,2
6697,2
4648,2
10767,2
2571,2
6665,2
8814,2
4744,2
12428,2
6889,2
11023,2
8974,2
2827,2
4872,2
10991,2
2795,2
4840,2
2699,2
8910,2
2763,2
4808,2
10927,2
8878,2
6825,2
4616,2
8686,2
6633,2
14573,2
8462,2
12556,2
2315,2
6409,2
4360,2
8430,2
234,2
4584,2
4328,2
10447,2
8398,2
2251,2
8366,2
6313,2
10511,2
10543,2
4424,2
6473,2
2379,2
8526,2
10575,2
8558,2
4488,2
2443,2
8590,2
4520,2
6569,2
10671,2
6601,2
2507,2
8654,2
4904,2
6953,2
2859,2
5352,2
7465,2
9486,2
3339,2
9454,2
3307,2
7401,2
9422,2
9358,2
3275,2
1226,2
7369,2
3243,2
7337,2
5288,2
9518,2
5448,2
7497,2
3403,2
15693,2
9550,2
5480,2
3435,2
9582,2
1418,2
3467,2
13708,2
5544,2
7593,2
1450,2
3499,2
13740,2
11407,2
3211,2
13100,2
5000,2
9166,2
7113,2
11183,2
7081,2
5032,2
906,2
874,2
1162,2
7017,2
4968,2
11087,2
2891,2
4936,2
11055,2
5096,2
7145,2
3051,2
5128,2
7177,2
3083,2
9230,2
11279,2
5160,2
7209,2
3115,2
9262,2
5192,2
7241,2
11343,2
5256,2
7305,2
4264,2
6281,2
2984,2
7434,2
7498,2
3400,2
5419,2
3368,2
13583,2
9485,2
3336,2
5483,2
5355,2
7402,2
1257,2
3304,2
9421,2
5323,2
3432,2
9581,2
4232,2
7626,2
9709,2
11756,2
7658,2
3560,2
9677,2
5579,2
1481,2
3464,2
3528,2
9645,2
5547,2
7594,2
5515,2
7562,2
7370,2
3272,2
9389,2
9165,2
9229,2
11276,2
5131,2
3080,2
3048,2
15310,2
11212,2
5291,2
5067,2
7114,2
3016,2
9133,2
5035,2
7082,2
3112,2
7210,2
5163,2
9261,2
3144,2
5195,2
11340,2
9293,2
3176,2
5227,2
11372,2
9325,2
3208,2
5259,2
11404,2
1193,2
7338,2
3592,2
1545,2
7690,2
6027,2
4040,2
12204,2
6059,2
8106,2
4008,2
12172,2
1929,2
1865,2
3976,2
5995,2
8042,2
1897,2
3944,2
5963,2
1993,2
6091,2
12268,2
10221,2
6153,2
2059,2
8206,2
4136,2
12332,2
8238,2
6217,2
8270,2
10319,2
4200,2
6249,2
2155,2
8302,2
8010,2
3912,2
5643,2
5707,2
9837,2
5739,2
7786,2
1641,2
3688,2
9805,2
1609,2
5931,2
3656,2
9773,2
11820,2
5675,2
3624,2
9741,2
1673,2
7818,2
5771,2
9869,2
3752,2
5803,2
1737,2
7882,2
3816,2
7914,2
5867,2
3848,2
1801,2
7946,2
5899,2
12044,2
1833,2
4006,2
6053,2
8100,2
10595,2
6533,2
4484,2
10627,2
8578,2
2407,2
6501,2
2375,2
4516,2
6469,2
4420,2
10563,2
2343,2
6437,2
2311,2
8610,2
6565,2
8070,2
2535,2
6693,2
4644,2
8738,2
2567,2
4612,2
12800,2
486,2
2471,2
6629,2
4580,2
10723,2
8674,2
2503,2
8642,2
6405,2
8450,2
6373,2
12288,2
8226,2
2055,2
6149,2
4100,2
10243,2
8194,2
6119,2
10467,2
4068,2
10209,2
6087,2
1989,2
4036,2
12224,2
4132,2
6181,2
4164,2
6213,2
8290,2
6245,2
2151,2
8322,2
6277,2
8354,2
10403,2
4260,2
2215,2
8386,2
4292,2
2247,2
8418,2
8770,2
10819,2
6725,2
7173,2
9282,2
3111,2
7205,2
5156,2
9250,2
3079,2
11267,2
7109,2
9218,2
15361,2
3047,2
5092,2
9186,2
3015,2
5188,2
7237,2
3143,2
9314,2
11363,2
5220,2
3175,2
9346,2
3207,2
7333,2
3239,2
9410,2
5316,2
7365,2
3271,2
13536,2
9442,2
966,2
5060,2
2631,2
8866,2
8930,2
2759,2
4804,2
8898,2
2727,2
4772,2
2695,2
11203,2
6789,2
4740,2
12928,2
2663,2
4708,2
10851,2
10979,2
2791,2
8962,2
4868,2
774,2
4900,2
2855,2
4932,2
9058,2
7013,2
2919,2
4996,2
7045,2
2951,2
11171,2
7077,2
2983,2
4004,2
1925,2
5348,2
5095,2
5159,2
7206,2
9249,2
5127,2
7174,2
3076,2
7142,2
7238,2
3044,2
9185,2
5063,2
7110,2
3012,2
9153,2
11328,2
3172,2
3972,2
5287,2
7398,2
3300,2
9441,2
5319,2
7366,2
3268,2
7334,2
7270,2
3236,2
9377,2
5255,2
7302,2
3204,2
9345,2
5031,2
7078,2
933,2
4775,2
8961,2
2788,2
8929,2
6854,2
2756,2
8897,2
6822,2
2980,2
4743,2
6790,2
2692,2
8801,2
6726,2
2628,2
2820,2
6918,2
8993,2
4903,2
11072,2
9025,2
2884,2
11104,2
9057,2
13155,2
2916,2
7014,2
2948,2
7046,2
4999,2
11168,2
9121,2
9473,2
7430,2
5383,2
7814,2
1733,2
16066,2
9921,2
1701,2
3748,2
5767,2
1669,2
1605,2
3716,2
9857,2
5735,2
1637,2
15970,2
9825,2
7878,2
1765,2
7910,2
5863,2
3844,2
1797,2
7942,2
5895,2
10017,2
3876,2
1829,2
7974,2
5927,2
3908,2
3940,2
1893,2
5991,2
7750,2
3652,2
9505,2
3460,2
7590,2
1445,2
3492,2
9633,2
7558,2
1413,2
7526,2
9793,2
9569,2
7494,2
15682,2
11584,2
5415,2
3364,2
5543,2
9665,2
3524,2
1477,2
7622,2
5575,2
9697,2
3556,2
7654,2
5607,2
9729,2
15874,2
3588,2
7686,2
3620,2
7718,2
5671,2
11491,2
7397,2
12194,2
7140,2
11298,2
3078,2
5125,2
9219,2
3046,2
5093,2
967,2
3110,2
3014,2
5061,2
7108,2
9155,2
15296,2
5029,2
7204,2
11330,2
8835,2
3206,2
9443,2
5317,2
3238,2
5285,2
7332,2
9379,2
5253,2
7236,2
3174,2
5221,2
9315,2
11362,2
3142,2
5189,2
7076,2
2950,2
4997,2
679,2
8931,2
2758,2
4805,2
6852,2
8899,2
10946,2
2726,2
7044,2
4773,2
6820,2
8867,2
647,2
2694,2
4741,2
4837,2
2790,2
4869,2
2822,2
15136,2
8995,2
6948,2
4901,2
2854,2
6980,2
4933,2
2886,2
9059,2
4965,2
2918,2
15232,2
11138,2
7396,2
7428,2
3334,2
9891,2
3782,2
5829,2
1703,2
3750,2
5797,2
7844,2
16032,2
7780,2
5765,2
7812,2
9859,2
11906,2
1639,2
3686,2
1735,2
7908,2
1767,2
9987,2
1799,2
7972,2
5925,2
3878,2
1831,2
8004,2
5957,2
16224,2
10083,2
8036,2
1895,2
3974,2
1927,2
5733,2
9827,2
5413,2
3462,2
1447,2
3494,2
5541,2
7588,2
11682,2
1415,2
9603,2
3654,2
9571,2
13665,2
3398,2
5445,2
7492,2
3366,2
9667,2
7620,2
5573,2
1479,2
9699,2
7652,2
3558,2
9731,2
7684,2
3590,2
1543,2
13857,2
9763,2
5669,2
3622,2
1575,2
9795,2
6788,2
4709,2
3303,2
3719,2
3783,2
1734,2
7877,2
5828,2
9922,2
9890,2
1670,2
1766,2
1638,2
7781,2
5732,2
9826,2
7749,2
5700,2
9954,2
5892,2
6756,2
6020,2
4039,2
1990,2
8133,2
6084,2
4007,2
8101,2
3911,2
7941,2
1862,2
5956,2
12099,2
3879,2
1830,2
7973,2
11843,2
9794,2
3623,2
7493,2
5540,2
1414,2
11651,2
3431,2
5476,2
1350,2
3367,2
1574,2
7461,2
5412,2
9506,2
3335,2
7429,2
9474,2
7589,2
1446,2
3495,2
15809,2
9666,2
3527,2
7653,2
1510,2
3559,2
9730,2
5636,2
7685,2
1542,2
3591,2
9762,2
5668,2
7717,2
6116,2
8165,2
4071,2
6532,2
2470,2
4517,2
10658,2
12705,2
2438,2
4485,2
10626,2
6436,2
12673,2
4453,2
8547,2
327,2
2374,2
8515,2
4549,2
10722,2
8675,2
6628,2
4581,2
2534,2
6660,2
4613,2
12833,2
8739,2
4645,2
2598,2
12865,2
8771,2
6724,2
4677,2
2630,2
12609,2
8483,2
12289,2
12385,2
6276,2
8323,2
14464,2
2150,2
4197,2
6244,2
4165,2
10530,2
8259,2
2086,2
6180,2
10274,2
12321,2
6148,2
4229,2
2182,2
14496,2
10402,2
8355,2
4261,2
2214,2
10434,2
8387,2
6340,2
4293,2
8419,2
6372,2
4325,2
6404,2
4357,2
2310,2
8471,2
2047,2
10550,2
7834,2
1593,2
7738,2
5691,2
11836,2
9789,2
3672,2
7770,2
3704,2
1657,2
5755,2
13951,2
3736,2
1689,2
5787,2
9757,2
16030,2
3768,2
1721,2
7866,2
5819,2
11964,2
9917,2
3800,2
5851,2
3832,2
1785,2
7930,2
3864,2
3640,2
5659,2
7962,2
1433,2
5403,2
9501,2
7482,2
9533,2
7514,2
5467,2
9565,2
15710,2
3448,2
1401,2
7546,2
11644,2
3480,2
7578,2
1561,2
9629,2
3512,2
1465,2
7610,2
5563,2
3544,2
1497,2
7642,2
5595,2
3576,2
1529,2
9725,2
3608,2
1817,2
5915,2
3352,2
6393,2
8286,2
10335,2
4216,2
6265,2
2171,2
12412,2
8318,2
4248,2
4280,2
6329,2
4312,2
2267,2
8414,2
4376,2
4184,2
282,2
10527,2
4408,2
6457,2
2363,2
8510,2
10559,2
4440,2
6489,2
2395,2
8542,2
6521,2
2427,2
2139,2
10303,2
3896,2
1977,2
1849,2
7994,2
3928,2
1881,2
5979,2
10077,2
3960,2
1913,2
8058,2
10109,2
6043,2
10141,2
4024,2
8122,2
8254,2
6075,2
4056,2
2009,2
8154,2
6107,2
4088,2
6139,2
14335,2
4120,2
6169,2
10271,2
6201,2
2107,2
7450,2
5371,2
9554,2
8733,2
4539,2
8637,2
2520,2
6618,2
4571,2
8669,2
12767,2
2552,2
6650,2
8701,2
12799,2
2584,2
4635,2
2616,2
2488,2
569,2
6714,2
4667,2
2648,2
6746,2
4699,2
10844,2
8797,2
14942,2
12895,2
633,2
6778,2
4731,2
6586,2
10652,2
4763,2
2296,2
2168,2
6266,2
4219,2
10364,2
8317,2
4251,2
2232,2
6330,2
4283,2
6362,2
4315,2
10460,2
8413,2
4347,2
4507,2
10492,2
8445,2
12543,2
2328,2
4379,2
8477,2
4411,2
14654,2
2392,2
8541,2
6522,2
8573,2
6554,2
8829,2
8861,2
7418,2
9277,2
3064,2
7162,2
5115,2
11260,2
9213,2
13311,2
3096,2
7194,2
5147,2
9245,2
3128,2
1081,2
7226,2
13375,2
7130,2
3160,2
7258,2
5211,2
9309,2
7290,2
5243,2
11388,2
5275,2
3256,2
7354,2
3288,2
7386,2
3320,2
5083,2
985,2
2744,2
6938,2
6842,2
10940,2
8893,2
12991,2
4827,2
10972,2
8925,2
13023,2
6906,2
8957,2
13055,2
2840,2
793,2
4891,2
9149,2
8989,2
2872,2
4923,2
9021,2
2904,2
7002,2
9053,2
4987,2
11132,2
7066,2
11164,2
953,2
5051,2
8574,2
10623,2
4504,2
4185,2
4027,2
6104,2
8153,2
2010,2
6136,2
2042,2
10238,2
4121,2
10270,2
6200,2
4153,2
2106,2
6232,2
2138,2
8121,2
8287,2
6264,2
4217,2
2170,2
8319,2
6296,2
4249,2
2202,2
8351,2
6328,2
4281,2
2234,2
10430,2
1978,2
6072,2
4313,2
7961,2
7833,2
1690,2
3739,2
9886,2
5816,2
3771,2
7897,2
11999,2
5880,2
7929,2
3835,2
16125,2
9982,2
1818,2
1946,2
10014,2
5944,2
1850,2
16189,2
10046,2
8025,2
1882,2
6008,2
8057,2
1914,2
3963,2
6040,2
8089,2
6360,2
2266,2
14749,2
4793,2
8735,2
6712,2
4665,2
12861,2
2650,2
4729,2
635,2
10878,2
8831,2
6808,2
10910,2
8863,2
6840,2
2746,2
4633,2
8895,2
4825,2
10974,2
8927,2
6904,2
4857,2
2810,2
763,2
8959,2
6936,2
4889,2
2842,2
8991,2
12829,2
6680,2
8415,2
4505,2
6392,2
4345,2
14588,2
10494,2
10526,2
8479,2
6456,2
2362,2
8511,2
347,2
10590,2
4473,2
2426,2
2458,2
8703,2
10654,2
6584,2
8639,2
6616,2
4569,2
2522,2
12765,2
10718,2
8671,2
6648,2
4601,2
2554,2
10750,2
3707,2
7801,2
5752,2
4888,2
6841,2
2747,2
4824,2
6873,2
730,2
2779,2
8926,2
10975,2
4856,2
13052,2
15101,2
8958,2
11007,2
6937,2
8862,2
2843,2
11039,2
4920,2
2875,2
15165,2
9022,2
4952,2
2907,2
4984,2
5016,2
7065,2
5048,2
11199,2
4792,2
12956,2
9822,2
8734,2
8606,2
4536,2
6585,2
2491,2
8638,2
2523,2
2555,2
8702,2
10751,2
4632,2
6681,2
2587,2
12828,2
4664,2
2715,2
6713,2
2619,2
8766,2
4696,2
6745,2
602,2
2651,2
10847,2
4728,2
6777,2
2683,2
4760,2
6809,2
5080,2
7129,2
5112,2
3547,2
5432,2
3387,2
5464,2
7513,2
3419,2
9566,2
7545,2
9598,2
1434,2
3483,2
9630,2
5592,2
1498,2
9694,2
7161,2
7673,2
1530,2
3579,2
9726,2
5656,2
3611,2
9758,2
1594,2
3643,2
9790,2
5720,2
1626,2
3675,2
5400,2
7417,2
5368,2
11487,2
3067,2
9214,2
1050,2
3099,2
9246,2
1082,2
3131,2
9278,2
11327,2
5208,2
7257,2
3163,2
9310,2
11359,2
5240,2
7289,2
9342,2
11391,2
7321,2
3227,2
9374,2
5304,2
7353,2
3259,2
9406,2
7385,2
3291,2
8285,2
6234,2
8253,2
11186,2
11090,2
9043,2
6996,2
4949,2
2902,2
855,2
15216,2
11122,2
7028,2
4981,2
2934,2
9107,2
2966,2
9139,2
6964,2
7092,2
5045,2
2998,2
7124,2
7156,2
3062,2
9235,2
5141,2
3094,2
11314,2
9267,2
5173,2
3126,2
4917,2
2838,2
7252,2
4757,2
6612,2
4565,2
6644,2
2550,2
6708,2
4661,2
6740,2
4693,2
2646,2
8819,2
4725,2
2678,2
8851,2
2710,2
4885,2
8883,2
6836,2
4789,2
2742,2
10962,2
8915,2
6868,2
4821,2
727,2
8947,2
4853,2
8979,2
6932,2
11346,2
5205,2
1751,2
5717,2
9715,2
7668,2
5621,2
3574,2
1527,2
9747,2
7700,2
9779,2
5685,2
3638,2
1591,2
9811,2
7764,2
3670,2
3542,2
1623,2
9843,2
3702,2
9875,2
5781,2
3734,2
1687,2
9907,2
5813,2
3766,2
1719,2
7892,2
5845,2
1495,2
5589,2
3158,2
3318,2
7284,2
3190,2
11410,2
5269,2
15536,2
7348,2
5301,2
3254,2
7380,2
5333,2
11506,2
7412,2
5365,2
7476,2
7636,2
1335,2
7508,2
3414,2
7540,2
5493,2
3446,2
1399,2
7572,2
5525,2
9651,2
7604,2
3510,2
9683,2
8659,2
12753,2
4533,2
5876,2
7797,2
1654,2
3703,2
9874,2
7829,2
1686,2
3735,2
11955,2
7861,2
1718,2
3767,2
5844,2
7893,2
7925,2
3671,2
1782,2
12051,2
5908,2
7957,2
1814,2
3863,2
5940,2
1846,2
3895,2
16209,2
10066,2
1878,2
14192,2
9842,2
7765,2
6580,2
3543,2
7509,2
3415,2
5492,2
7541,2
1398,2
3447,2
1430,2
3479,2
9650,2
11699,2
5556,2
5588,2
1494,2
15857,2
5716,2
9714,2
11763,2
5620,2
7669,2
1526,2
3575,2
9746,2
7701,2
1558,2
3607,2
5684,2
7733,2
3639,2
16241,2
12147,2
6004,2
6420,2
6324,2
4277,2
10450,2
8403,2
6356,2
4309,2
2262,2
12529,2
8435,2
6388,2
4341,2
10514,2
8467,2
2326,2
1910,2
6452,2
4405,2
2358,2
6484,2
4437,2
10610,2
8563,2
6516,2
4469,2
10642,2
4501,2
2454,2
10674,2
4245,2
8339,2
2166,2
4213,2
3959,2
12179,2
6036,2
8085,2
1942,2
3991,2
10162,2
12211,2
6068,2
4023,2
8149,2
4055,2
6132,2
8181,2
8211,2
6164,2
4117,2
8243,2
6196,2
4149,2
2102,2
10322,2
8275,2
6228,2
4181,2
2134,2
6260,2
3798,2
5877,2
4155,2
3417,2
9436,2
3321,2
5370,2
7419,2
9468,2
11517,2
5402,2
7451,2
9500,2
3385,2
5434,2
7483,2
11581,2
5466,2
5338,2
7515,2
9564,2
15711,2
1400,2
5498,2
9596,2
1432,2
3481,2
5530,2
7579,2
9628,2
13726,2
3513,2
7387,2
3289,2
7611,2
9244,2
3001,2
5050,2
7099,2
9148,2
13246,2
5082,2
7131,2
9180,2
5114,2
7163,2
9212,2
3097,2
7195,2
3129,2
9404,2
7227,2
9276,2
3161,2
5210,2
9308,2
11357,2
5242,2
9340,2
3225,2
1208,2
3257,2
5306,2
7355,2
5562,2
5594,2
3830,2
10108,2
1816,2
3865,2
5914,2
7963,2
10012,2
3897,2
5946,2
7995,2
10044,2
3929,2
5978,2
8027,2
1912,2
3993,2
11997,2
8091,2
6074,2
8123,2
2008,2
6106,2
12253,2
14302,2
4089,2
6138,2
8187,2
10236,2
2104,2
6202,2
3833,2
9948,2
7643,2
5722,2
9692,2
11741,2
1528,2
9724,2
13822,2
1560,2
3609,2
5658,2
7707,2
1592,2
3641,2
5690,2
1624,2
9820,2
7899,2
3705,2
5754,2
13950,2
3737,2
5786,2
7835,2
9884,2
11933,2
1720,2
3769,2
1752,2
3801,2
5850,2
11165,2
7067,2
2969,2
4282,2
8252,2
10301,2
2137,2
6235,2
8284,2
2169,2
4218,2
6267,2
8316,2
2201,2
6299,2
8348,2
10397,2
8380,2
2105,2
10429,2
6363,2
8412,2
10461,2
248,2
2297,2
4346,2
6395,2
8444,2
2329,2
4378,2
8476,2
10525,2
6203,2
12318,2
920,2
6005,2
7956,2
5909,2
3862,2
1815,2
14129,2
10035,2
7988,2
3894,2
1847,2
5973,2
3926,2
1879,2
8052,2
3958,2
10269,2
1911,2
8084,2
6037,2
6069,2
1975,2
6101,2
10227,2
8180,2
6133,2
4086,2
4122,2
6171,2
8220,2
2361,2
4410,2
6459,2
6875,2
8828,2
10877,2
12926,2
4762,2
6811,2
8860,2
10909,2
696,2
4794,2
6843,2
8892,2
2777,2
4826,2
8956,2
14655,2
4890,2
6939,2
8988,2
2873,2
6971,2
2905,2
7003,2
9052,2
11101,2
888,2
4986,2
9084,2
11133,2
4730,2
2681,2
632,2
8796,2
2393,2
4442,2
10589,2
2425,2
4474,2
6523,2
8572,2
10621,2
6555,2
4538,2
6587,2
8636,2
10685,2
6619,2
2553,2
4602,2
6651,2
8700,2
2585,2
4634,2
6683,2
8732,2
4666,2
8764,2
2649,2
4698,2
6747,2
11070,2
7000,2
4953,2
4956,2
8954,2
4860,2
6909,2
2815,2
8986,2
4892,2
6941,2
2847,2
6973,2
830,2
2879,2
9050,2
11099,2
7005,2
6877,2
2911,2
9082,2
7037,2
2943,2
9114,2
5020,2
7069,2
9146,2
5052,2
958,2
3007,2
9178,2
11227,2
2783,2
4828,2
3039,2
8794,2
8666,2
4572,2
6621,2
4604,2
6653,2
8730,2
4636,2
542,2
2591,2
12856,2
10811,2
4668,2
6717,2
4700,2
8922,2
6749,2
14969,2
8826,2
4732,2
6781,2
2687,2
4764,2
2719,2
8890,2
10939,2
6845,2
702,2
2751,2
5084,2
5116,2
3647,2
1470,2
3423,2
9594,2
5500,2
7549,2
1406,2
3455,2
5532,2
7581,2
1438,2
3487,2
11707,2
5564,2
7613,2
5596,2
11611,2
7645,2
1502,2
3551,2
9722,2
5628,2
1534,2
3583,2
5660,2
7709,2
1566,2
9786,2
5692,2
7741,2
5468,2
9562,2
7165,2
3231,2
9242,2
11291,2
5148,2
7197,2
9274,2
5180,2
3135,2
7261,2
3167,2
9338,2
5244,2
3199,2
7325,2
9402,2
3391,2
5308,2
1214,2
3263,2
9434,2
11483,2
7389,2
3295,2
9466,2
9498,2
5404,2
7453,2
9530,2
7485,2
4540,2
8634,2
2463,2
5823,2
9817,2
3676,2
1629,2
9849,2
1661,2
7806,2
5759,2
9881,2
3740,2
1693,2
7838,2
3772,2
7870,2
9945,2
3644,2
16090,2
3804,2
7902,2
5855,2
9977,2
1789,2
7934,2
5887,2
3868,2
1821,2
5919,2
3900,2
1853,2
1597,2
9785,2
4508,2
5535,2
9529,2
3388,2
1341,2
7486,2
5439,2
9561,2
3420,2
7518,2
5471,2
1405,2
5503,2
9625,2
1437,2
9657,2
1565,2
3516,2
7614,2
5567,2
9689,2
3548,2
7646,2
5599,2
9721,2
13819,2
1533,2
7678,2
5631,2
9753,2
7998,2
5951,2
12120,2
2335,2
4252,2
6301,2
4284,2
2239,2
12504,2
4316,2
6365,2
10491,2
4348,2
6397,2
8474,2
4380,2
6429,2
8506,2
3932,2
4412,2
6461,2
2367,2
8538,2
10587,2
4444,2
2399,2
8570,2
10619,2
4476,2
6525,2
2431,2
10651,2
8346,2
6269,2
4220,2
10363,2
5983,2
10105,2
3964,2
1917,2
8062,2
10137,2
14235,2
8094,2
12216,2
1981,2
8126,2
6079,2
4060,2
8158,2
6111,2
4092,2
2045,2
6143,2
4124,2
2079,2
4156,2
2111,2
8282,2
4188,2
6237,2
2143,2
8314,2
1598,2
5724,2
7454,2
5373,2
11418,2
9371,2
7324,2
5277,2
15544,2
13497,2
9403,2
5309,2
3262,2
9435,2
7388,2
3294,2
7420,2
7452,2
5245,2
5405,2
3358,2
9531,2
5437,2
3390,2
9563,2
7516,2
5469,2
3422,2
11642,2
5501,2
3454,2
1407,2
3198,2
7292,2
7580,2
5053,2
2846,2
11066,2
9019,2
6972,2
7004,2
2910,2
9083,2
4989,2
15256,2
9115,2
5021,2
2974,2
11194,2
3006,2
11386,2
15320,2
7132,2
3038,2
5117,2
9243,2
5149,2
11322,2
5181,2
3134,2
13401,2
7260,2
3166,2
1119,2
9627,2
3486,2
7773,2
12186,2
3838,2
10011,2
3870,2
10043,2
5949,2
3902,2
5981,2
3934,2
12154,2
10107,2
8060,2
6013,2
1919,2
8092,2
7932,2
6045,2
1951,2
12218,2
10171,2
8124,2
6077,2
1983,2
8156,2
6109,2
4062,2
14329,2
12282,2
6141,2
5885,2
9979,2
7612,2
3646,2
3518,2
1471,2
9691,2
7644,2
3550,2
15864,2
11770,2
11802,2
9755,2
7708,2
5661,2
9787,2
5693,2
1599,2
1759,2
13913,2
9819,2
7772,2
5725,2
7804,2
5757,2
3710,2
1663,2
9883,2
7836,2
9915,2
5821,2
3806,2
6940,2
8987,2
11034,2
8251,2
3999,2
10170,2
12219,2
6076,2
8125,2
4031,2
6108,2
8157,2
2014,2
4063,2
8219,2
6172,2
4125,2
4157,2
8093,2
2110,2
10330,2
8283,2
4189,2
2142,2
6268,2
4221,2
8347,2
6300,2
4253,2
2206,2
10426,2
6332,2
1950,2
6044,2
2814,2
3839,2
13944,2
7805,2
5788,2
7837,2
5820,2
1726,2
3775,2
5852,2
7901,2
3807,2
5884,2
7933,2
1790,2
5916,2
12187,2
1822,2
3871,2
10042,2
12091,2
5948,2
1854,2
14168,2
10074,2
8029,2
1886,2
6012,2
8061,2
1918,2
4285,2
2238,2
8411,2
12953,2
10810,2
8763,2
6716,2
4669,2
2622,2
8795,2
4701,2
2654,2
12921,2
10874,2
6780,2
4733,2
2686,2
8859,2
6364,2
6812,2
4765,2
10938,2
6844,2
4797,2
2750,2
10970,2
8923,2
4829,2
2782,2
8955,2
6908,2
4861,2
6684,2
8731,2
2558,2
4605,2
2270,2
14584,2
10490,2
8443,2
6396,2
8475,2
4381,2
6460,2
8539,2
6492,2
4445,2
6524,2
4477,2
2430,2
383,2
10650,2
8603,2
6556,2
4509,2
2462,2
14776,2
6588,2
4541,2
6620,2
10746,2
8699,2
6652,2
5407,2
1309,2
2906,2
2365,2
2269,2
4318,2
6367,2
8440,2
2301,2
4350,2
6399,2
8472,2
284,2
2333,2
4382,2
6431,2
8504,2
4414,2
10457,2
6463,2
8536,2
10585,2
348,2
2397,2
6495,2
8568,2
2429,2
4478,2
8600,2
2461,2
8632,2
10681,2
14555,2
8408,2
8664,2
8248,2
1979,2
10175,2
6105,2
2011,2
10207,2
8184,2
6137,2
4090,2
2043,2
10239,2
8216,2
4126,2
6175,2
4158,2
6335,2
6207,2
8280,2
12378,2
4190,2
8312,2
4222,2
6271,2
8344,2
2205,2
6303,2
8376,2
10425,2
2237,2
2493,2
4574,2
5150,2
924,2
8984,2
2845,2
4894,2
4926,2
6975,2
9048,2
11097,2
4958,2
7007,2
13178,2
2941,2
9112,2
11161,2
2973,2
4862,2
5022,2
7071,2
9144,2
956,2
3005,2
5054,2
7103,2
11225,2
988,2
5086,2
7135,2
13306,2
7167,2
6911,2
2813,2
6623,2
6751,2
8696,2
2557,2
4606,2
6655,2
8728,2
12826,2
4638,2
8760,2
2621,2
6719,2
8792,2
10841,2
4702,2
8824,2
764,2
10873,2
12922,2
6783,2
8856,2
10905,2
6815,2
8888,2
10937,2
2749,2
4798,2
4830,2
6879,2
8952,2
4026,2
6073,2
8120,2
7448,2
5273,2
3226,2
1179,2
11422,2
7352,2
5305,2
3258,2
11454,2
7384,2
5337,2
3290,2
5369,2
9471,2
5401,2
11390,2
3354,2
7480,2
5433,2
3386,2
9535,2
7512,2
5465,2
9567,2
7544,2
5497,2
9599,2
7576,2
3482,2
9343,2
3194,2
10143,2
3034,2
11102,2
9055,2
7032,2
4985,2
11134,2
5017,2
9119,2
7096,2
5049,2
3002,2
9151,2
7128,2
5081,2
9183,2
5241,2
7160,2
5113,2
7192,2
3098,2
11294,2
7224,2
11326,2
9279,2
7256,2
5209,2
3162,2
9311,2
7288,2
1435,2
9631,2
7608,2
1851,2
9919,2
3802,2
1755,2
9951,2
7928,2
1787,2
9983,2
7960,2
3866,2
1819,2
7992,2
5945,2
3898,2
14141,2
5561,2
12094,2
10047,2
5977,2
3930,2
10079,2
6009,2
3962,2
16252,2
8088,2
6041,2
1947,2
14237,2
12190,2
14013,2
16060,2
1723,2
3770,2
3514,2
1467,2
7640,2
3546,2
11742,2
9695,2
7672,2
3578,2
1531,2
9727,2
7704,2
9759,2
7736,2
7768,2
5721,2
3674,2
9823,2
7800,2
5753,2
3706,2
9855,2
7832,2
5785,2
1691,2
9887,2
7864,2
5817,2
3101,2
7199,2
3356,2
8825,2
509,2
6654,2
4607,2
8729,2
2588,2
6686,2
4639,2
12859,2
2620,2
8793,2
2652,2
6750,2
4703,2
4735,2
4575,2
10904,2
12955,2
2716,2
4767,2
2748,2
701,2
6846,2
4799,2
8921,2
13019,2
2780,2
733,2
6878,2
2556,2
2524,2
11000,2
4383,2
8377,2
2236,2
6334,2
4287,2
8409,2
6366,2
2300,2
253,2
4351,2
8473,2
14618,2
12571,2
6430,2
8505,2
10712,2
2364,2
6462,2
4415,2
4447,2
4479,2
10648,2
6558,2
10680,2
8633,2
12731,2
2492,2
6590,2
4543,2
4831,2
8953,2
9272,2
9369,2
3132,2
1085,2
7230,2
5183,2
9305,2
3164,2
1117,2
7262,2
5215,2
9337,2
3196,2
5247,2
11416,2
3228,2
3100,2
9401,2
3260,2
7358,2
5311,2
9433,2
3292,2
7390,2
5343,2
9465,2
3324,2
7422,2
9497,2
15642,2
9273,2
9241,2
6910,2
11128,2
11032,2
2844,2
6942,2
4895,2
9017,2
6974,2
4927,2
11096,2
9049,2
15194,2
13147,2
2908,2
7006,2
2940,2
5119,2
7038,2
4991,2
11160,2
2972,2
5023,2
9145,2
3004,2
5055,2
3036,2
7134,2
5087,2
11256,2
3068,2
4255,2
6302,2
2204,2
3549,2
1404,2
3453,2
5502,2
7551,2
9624,2
1436,2
3485,2
5534,2
9656,2
3517,2
5566,2
7615,2
9688,2
7647,2
5470,2
9720,2
1532,2
3581,2
5630,2
9752,2
1564,2
3613,2
5662,2
7711,2
9784,2
3645,2
5694,2
5726,2
7519,2
3421,2
8345,2
7359,2
11321,2
3133,2
5182,2
3165,2
5214,2
9336,2
5246,2
9368,2
11417,2
15515,2
9400,2
3261,2
5310,2
9432,2
9560,2
3293,2
7391,2
1276,2
3325,2
5374,2
7423,2
9496,2
3357,2
5406,2
7455,2
9528,2
5438,2
7487,2
7775,2
1660,2
5758,2
8191,2
14234,2
1948,2
6046,2
8095,2
10168,2
4029,2
6078,2
8127,2
2012,2
4061,2
6110,2
4093,2
6142,2
10264,2
7807,2
8217,2
12315,2
2076,2
6174,2
4127,2
10296,2
2108,2
8281,2
6238,2
4191,2
8313,2
2172,2
10392,2
10136,2
8063,2
3965,2
8031,2
9880,2
1692,2
3741,2
5790,2
7839,2
1724,2
3773,2
7871,2
9944,2
1756,2
3805,2
5854,2
7903,2
9976,2
1788,2
3837,2
5918,2
10040,2
1852,2
3901,2
5950,2
7999,2
10072,2
12121,2
1884,2
3933,2
5982,2
5460,2
5435,2
6093,2
4918,2
7536,2
10832,2
5489,2
8785,2
12883,2
4340,2
10483,2
4950,2
2901,2
8434,2
3442,2
852,2
9040,2
2869,2
14609,2
9591,2
5521,2
2263,2
6357,2
4308,2
6935,2
10451,2
8817,2
3474,2
1427,2
8402,2
2231,2
6325,2
9559,2
5457,2
4276,2
2580,2
2548,2
10611,2
7408,2
14705,2
2391,2
6646,2
4436,2
10579,2
3314,2
7440,2
4310,2
1299,2
6453,2
4404,2
7504,2
7063,2
4631,2
9104,2
9495,2
7031,2
2327,2
2612,2
6710,2
5425,2
3378,2
2933,2
6421,2
4372,2
4886,2
8370,2
5046,2
6807,2
4180,2
10323,2
4791,2
8274,2
10960,2
8913,2
2103,2
9719,2
6197,2
7696,2
5649,2
3602,2
1555,2
4758,2
1523,2
4148,2
10897,2
10992,2
5681,2
13043,2
6902,2
4855,2
8848,2
8977,2
4726,2
1587,2
6165,2
4116,2
15860,2
4790,2
7600,2
15796,2
2837,2
2676,2
6903,2
4727,2
12464,2
2199,2
3506,2
4854,2
6806,2
8944,2
4759,2
6871,2
8338,2
9655,2
3570,2
7632,2
2167,2
6261,2
3538,2
1491,2
10928,2
10355,2
12400,2
6839,2
2135,2
5617,2
8881,2
6229,2
2997,2
4468,2
11158,2
9360,2
3090,2
9392,2
5270,2
6773,2
15380,2
4375,2
4724,2
11286,2
10544,2
7216,2
8497,2
6454,2
4407,2
5169,2
10899,2
6741,2
3122,2
1075,2
4692,2
11318,2
10576,2
3189,2
10835,2
7255,2
5206,2
8786,2
7248,2
3157,2
5137,2
7184,2
5201,2
8401,2
6294,2
4247,2
694,2
5041,2
8369,2
9456,2
2228,2
7383,2
9143,2
5334,2
8882,2
7120,2
4279,2
2260,2
6422,2
4311,2
10480,2
11222,2
8433,2
6390,2
5105,2
11473,2
3058,2
7351,2
5302,2
3253,2
15348,2
11254,2
11345,2
9296,2
7095,2
8689,2
9367,2
7344,2
4535,2
6613,2
10704,2
5297,2
4564,2
10707,2
3250,2
8658,2
8657,2
7127,2
5078,2
13493,2
1171,2
2487,2
9399,2
8626,2
2455,2
6549,2
4500,2
10643,2
8594,2
5329,2
11217,2
9168,2
2423,2
3282,2
11414,2
14833,2
2388,2
9264,2
6486,2
3154,2
4439,2
8754,2
8561,2
2420,2
2583,2
3125,2
6677,2
6518,2
9303,2
7280,2
8722,2
7191,2
6582,2
3186,2
5142,2
3093,2
9335,2
6550,2
7312,2
1044,2
6645,2
4596,2
4503,2
5265,2
11281,2
8625,2
11830,2
9783,2
8210,2
1493,2
4082,2
7670,2
3124,2
1525,2
6487,2
1077,2
9713,2
7222,2
10231,2
5175,2
11344,2
8208,2
7638,2
3540,2
5623,2
2389,2
11728,2
5559,2
2069,2
7606,2
1461,2
4118,2
9649,2
5527,2
7574,2
1429,2
7254,2
10577,2
6129,2
8176,2
9617,2
13875,2
11280,2
1653,2
10673,2
3700,2
8624,2
7766,2
9233,2
3092,2
10135,2
8112,2
6065,2
7734,2
3636,2
10641,2
13843,2
9777,2
1971,2
7190,2
5143,2
10167,2
8144,2
5655,2
7702,2
4050,2
1557,2
4470,2
2421,2
3604,2
6167,2
8240,2
628,2
7414,2
11408,2
3220,2
8336,2
15666,2
148,2
8464,2
11440,2
6295,2
6391,2
4342,2
7446,2
12466,2
3348,2
2293,2
3380,2
2229,2
1269,2
3316,2
4278,2
9457,2
5335,2
8400,2
7382,2
9425,2
11472,2
6359,2
5303,2
7350,2
6263,2
12562,2
4406,2
13651,2
5495,2
2101,2
5207,2
11376,2
6199,2
9329,2
9585,2
8272,2
11632,2
7510,2
1365,2
12594,2
10321,2
15698,2
4214,2
14419,2
2133,2
4182,2
6231,2
6423,2
5431,2
4374,2
3188,2
8304,2
7286,2
10353,2
7478,2
2165,2
3986,2
6033,2
3954,2
5975,2
6039,2
8086,2
1941,2
3730,2
8054,2
6966,2
9879,2
7856,2
10833,2
1909,2
3762,2
3956,2
9911,2
13139,2
2645,2
7888,2
8022,2
1877,2
3924,2
10065,2
2900,2
5841,2
3794,2
7990,2
4662,2
3892,2
1747,2
4951,2
7824,2
10161,2
4534,2
10225,2
7760,2
6135,2
5713,2
3666,2
8182,2
2037,2
4084,2
13075,2
2836,2
789,2
14323,2
13909,2
6934,2
6103,2
4694,2
4887,2
12914,2
8150,2
2005,2
9815,2
4052,2
7792,2
3698,2
6071,2
8118,2
1973,2
4020,2
9847,2
9073,2
11990,2
2932,2
5079,2
3028,2
1811,2
6647,2
4598,2
7984,2
5815,2
7862,2
7126,2
3890,2
10737,2
1843,2
1717,2
6615,2
8016,2
6679,2
9201,2
4566,2
5969,2
3922,2
3060,2
5783,2
10071,2
8048,2
8656,2
6583,2
3732,2
6001,2
9873,2
3858,2
9937,2
16082,2
3796,2
4983,2
10033,2
5911,2
7958,2
5873,2
3826,2
4630,2
9105,2
2964,2
3860,2
16146,2
10001,2
12818,2
10769,2
5879,2
7062,2
7926,2
1781,2
11184,2
9137,2
8720,2
3828,2
9969,2
5847,2
2996,2
5905,2
7094,2
9111,2
5393,2
3252,2
4881,2
10128,2
4497,2
7895,2
4753,2
9840,2
3797,2
5654,2
6544,2
7703,2
9426,2
12113,2
5332,2
4884,2
7381,2
2068,2
2834,2
8951,2
7767,2
2450,2
2999,2
8599,2
3893,2
3669,2
9394,2
9010,2
5942,2
8183,2
8209,2
8695,2
2839,2
6672,2
5300,2
7349,2
7991,2
3127,2
5910,2
11889,2
3605,2
10614,2
8241,2
6960,2
6006,2
9744,2
1908,2
2100,2
3031,2
6198,2
4151,2
4913,2
14708,2
3381,2
4852,2
3319,2
7671,2
9648,2
5364,2
1556,2
7575,2
9170,2
5076,2
7125,2
787,2
13077,2
11030,2
7863,2
6800,2
8567,2
11027,2
3287,2
6166,2
4119,2
13552,2
4625,2
6134,2
6576,2
1652,2
3413,2
2967,2
7927,2
5686,2
6102,2
8151,2
2770,2
9330,2
886,2
9776,2
4021,2
5878,2
4593,2
1972,2
12981,2
8087,2
691,2
11379,2
4561,2
7959,2
11633,2
7061,2
3191,2
3861,2
6864,2
10192,2
4817,2
7511,2
9106,2
6640,2
2004,2
13456,2
2514,2
2935,2
4053,2
918,2
7029,2
4980,2
5494,2
15699,2
6832,2
4849,2
7253,2
2036,2
2802,2
9616,2
5204,2
6965,2
8855,2
4916,2
7093,2
11347,2
12017,2
10032,2
3989,2
4785,2
11187,2
9074,2
9042,2
3159,2
10966,2
6038,2
5268,2
1588,2
8919,2
854,2
6997,2
2738,2
7317,2
4948,2
3829,2
6896,2
7543,2
9808,2
5622,2
7735,2
15633,2
4657,2
6768,2
5782,2
2610,2
7831,2
2930,2
11315,2
2386,2
1524,2
9234,2
4721,2
1302,2
7445,2
3509,2
4977,2
9488,2
4215,2
7024,2
14194,2
9047,2
2674,2
11094,2
6262,2
7157,2
5108,2
2164,2
3349,2
1460,2
3351,2
8791,2
11126,2
7639,2
3095,2
8023,2
5366,2
6736,2
8503,2
5974,2
9266,2
8759,2
10806,2
4689,2
2642,2
7189,2
11283,2
15827,2
9712,2
5009,2
10963,2
1334,2
6480,2
8337,2
3925,2
4820,2
7056,2
10838,2
9079,2
3733,2
8946,2
7415,2
3701,2
7799,2
8305,2
9872,2
1716,2
4465,2
10870,2
6230,2
10352,2
8273,2
12371,2
3765,2
8727,2
5172,2
6704,2
2898,2
11539,2
5398,2
4183,2
13296,2
7447,2
6992,2
8535,2
5750,2
4945,2
2866,2
9237,1
3738,1
6695,1
14915,1
3109,1
3120,1
10104,1
1073,1
13175,1
14266,1
12475,1
1980,1
10817,1
12217,1
2549,1
5746,1
1627,1
2661,1
6270,1
12898,1
11793,1
8752,1
12153,1
10849,1
8800,1
3834,1
1060,1
10755,1
9056,1
15235,1
4223,1
3637,1
6661,1
10200,1
12834,1
1092,1
12882,1
14819,1
4319,1
4582,1
15459,1
2533,1
1595,1
10488,1
14721,1
3642,1
12539,1
16219,1
2599,1
12864,1
5590,1
5913,1
10801,1
5689,1
5203,1
4966,1
1105,1
10753,1
4388,1
10531,1
7699,1
10785,1
7218,1
13378,1
5043,1
11797,1
3141,1
9791,1
10787,1
945,1
5190,1
9269,1
10456,1
13186,1
8482,1
15932,1
14851,1
2268,1
14202,1
10881,1
1041,1
10977,1
2581,1
4548,1
1009,1
964,1
3997,1
5107,1
6597,1
13026,1
1616,1
11829,1
8249,1
12347,1
5011,1
11252,1
8784,1
6206,1
15267,1
12185,1
11220,1
11998,1
7111,1
7122,1
11156,1
15139,1
4452,1
3573,1
977,1
8992,1
8546,1
6919,1
2853,1
11009,1
7079,1
12640,1
2044,1
5075,1
10691,1
11201,1
14045,1
13058,1
4159,1
7058,1
16251,1
8514,1
13303,1
2693,1
1028,1
10360,1
13207,1
13122,1
1584,1
9120,1
7896,1
1659,1
2439,1
12930,1
836,1
3088,1
13239,1
1916,1
6759,1
12608,1
11825,1
15350,1
996,1
11966,1
10328,1
913,1
5094,1
7795,1
6823,1
13810,1
14426,1
14817,1
13218,1
13949,1
2725,1
12379,1
5881,1
6014,1
8159,1
13314,1
15363,1
2140,1
14330,1
9716,1
6398,1
15233,1
5491,1
9090,1
14117,1
11139,1
11636,1
9589,1
11614,1
902,1
5921,1
15098,1
12038,1
13051,1
1371,1
3418,1
3842,1
4863,1
1425,1
7570,1
12006,1
11582,1
14053,1
16100,1
5523,1
13629,1
3810,1
10513,1
11064,1
11974,1
1731,1
1393,1
13655,1
1339,1
14149,1
11075,1
10151,1
1403,1
14245,1
13623,1
2887,1
6814,1
2357,1
13152,1
10936,1
3450,1
11107,1
12987,1
12166,1
1361,1
7506,1
6017,1
4964,1
10087,1
13938,1
12134,1
14181,1
1891,1
8496,1
5985,1
10968,1
15702,1
870,1
12102,1
9621,1
13115,1
8857,1
1521,1
11192,1
5619,1
11764,1
11782,1
957,1
7102,1
12530,1
15322,1
13275,1
8432,1
13797,1
15844,1
1507,1
989,1
5601,1
1307,1
7648,1
9671,1
11718,1
9588,1
1475,1
3522,1
5569,1
9639,1
5124,1
11686,1
13970,1
1443,1
7698,1
7666,1
11814,1
2876,1
15644,1
9895,1
11942,1
13989,1
1699,1
1457,1
1424,1
7840,1
7602,1
15735,1
3714,1
11700,1
15798,1
11921,1
1489,1
4959,1
7634,1
9081,1
13179,1
11846,1
11235,1
13893,1
5587,1
11732,1
9503,1
3568,1
7141,1
998,1
13597,1
9113,1
9026,1
12626,1
11348,1
614,1
12667,1
2428,1
7314,1
5657,1
8601,1
11765,1
14977,1
2460,1
10497,1
6551,1
8834,1
4511,1
4502,1
3248,1
1201,1
14170,1
12514,1
11774,1
15868,1
7667,1
2453,1
5618,1
5299,1
4294,1
10915,1
5625,1
8592,1
6821,1
10433,1
8569,1
6757,1
6311,1
10561,1
12738,1
10705,1
4676,1
1552,1
2332,1
1137,1
13853,1
15900,1
12896,1
10657,1
7282,1
10552,1
2437,1
5235,1
2485,1
12722,1
10584,1
2405,1
8537,1
12642,1
10593,1
8544,1
12635,1
2396,1
2373,1
1563,1
6494,1
3610,1
12610,1
8665,1
4262,1
6782,1
4836,1
6885,1
6718,1
1488,1
4671,1
13056,1
15799,1
11701,1
12322,1
6917,1
10273,1
8224,1
10840,1
4438,1
12891,1
11540,1
13591,1
9652,1
2823,1
8994,1
12262,1
6949,1
14309,1
10872,1
1329,1
14970,1
5529,1
8160,1
2684,1
14277,1
1297,1
10808,1
12763,1
12354,1
6519,1
3569,1
6622,1
12992,1
1233,1
10744,1
4230,1
13782,1
2181,1
12795,1
14467,1
12418,1
10947,1
1499,1
6247,1
11476,1
9429,1
6853,1
12386,1
1265,1
12827,1
11733,1
7635,1
10609,1
15073,1
11710,1
11857,1
9461,1
8560,1
1124,1
1268,1
7271,1
12931,1
10944,1
6450,1
9552,1
7159,1
5831,1
2724,1
12000,1
15010,1
12599,1
13146,1
15195,1
9953,1
2909,1
3812,1
4711,1
12867,1
2173,1
12410,1
10361,1
6758,1
5110,1
12032,1
2660,1
9985,1
14946,1
3061,1
4679,1
9080,1
11129,1
16130,1
2877,1
11065,1
8083,1
6943,1
4935,1
2781,1
13987,1
7479,1
8437,1
12442,1
1076,1
7846,1
6950,1
11001,1
2852,1
15099,1
11040,1
5799,1
4871,1
10516,1
13059,1
11968,1
11008,1
6886,1
10393,1
11033,1
10132,1
13027,1
10976,1
14019,1
4807,1
3780,1
15379,1
1012,1
3985,1
6847,1
2372,1
2480,1
4487,1
11289,1
15387,1
8577,1
10624,1
1364,1
6502,1
8629,1
2404,1
12727,1
2109,1
1084,1
10049,1
12611,1
15227,1
14395,1
14658,1
8513,1
10560,1
4391,1
7231,1
1861,1
11353,1
12579,1
14626,1
8006,1
8481,1
10528,1
1116,1
8609,1
2468,1
5118,1
3069,1
15347,1
10580,1
8533,1
15259,1
11249,1
10784,1
9200,1
6239,1
4467,1
10612,1
8565,1
4583,1
14710,1
2448,1
11601,1
3029,1
12149,1
980,1
3037,1
4499,1
15315,1
12064,1
9208,1
11257,1
12695,1
10329,1
10688,1
8051,1
1020,1
8920,1
15202,1
6743,1
11552,1
9761,1
6527,1
1349,1
3396,1
15571,1
9537,1
14587,1
12698,1
1573,1
7462,1
10489,1
1317,1
4510,1
6559,1
9424,1
1189,1
1285,1
3332,1
12730,1
11520,1
5351,1
14779,1
1253,1
4542,1
6591,1
11840,1
1221,1
10713,1
11456,1
14811,1
5447,1
4179,1
3428,1
11808,1
4115,1
13795,1
3317,1
1509,1
15603,1
14619,1
8213,1
11776,1
2096,1
15810,1
11505,1
14326,1
4147,1
10228,1
10292,1
8179,1
4446,1
5511,1
1541,1
2128,1
6130,1
14715,1
13699,1
9601,1
11648,1
5479,1
5639,1
1236,1
1381,1
2525,1
1204,1
10484,1
1108,1
9217,1
11264,1
5238,1
4286,1
11904,1
997,1
1140,1
9328,1
11232,1
1332,1
12474,1
8115,1
965,1
13251,1
11200,1
13490,1
2685,1
4734,1
4307,1
6066,1
13219,1
8405,1
2717,1
4766,1
901,1
7223,1
4967,1
6386,1
700,1
5174,1
2224,1
1029,1
7782,1
11569,1
12407,1
10745,1
1157,1
13891,1
12794,1
13443,1
11392,1
5223,1
7319,1
1125,1
12245,1
9313,1
1300,1
5191,1
3221,1
1093,1
3140,1
5703,1
15426,1
9281,1
10388,1
2589,1
3684,1
1061,1
3108,1
13347,1
6687,1
7287,1
10809,1
948,1
8661,1
2308,1
1915,1
9696,1
3677,1
12021,1
13015,1
1476,1
13762,1
9848,1
11897,1
2119,1
15995,1
10339,1
4196,1
3709,1
1444,1
13730,1
12448,1
2741,1
4851,1
11697,1
14465,1
3825,1
15094,1
2832,1
8880,1
10371,1
4228,1
8056,1
15795,1
12126,1
1412,1
1628,1
15963,1
3994,1
5526,1
14102,1
3685,1
10993,1
13922,1
12320,1
11665,1
7679,1
10275,1
10932,1
3653,1
13850,1
15763,1
4822,1
2773,1
15059,1
7955,1
1428,1
3477,1
3621,1
4819,1
1596,1
12352,1
10961,1
8912,1
1540,1
7743,1
7655,1
9816,1
8258,1
15747,1
14497,1
7263,1
1220,1
12512,1
1820,1
5810,1
4324,1
1252,1
10015,1
13538,1
12062,1
11489,1
2279,1
14593,1
3869,1
5318,1
6994,1
7967,1
9912,1
1492,1
10499,1
16187,1
10865,1
9045,1
1188,1
11425,1
4356,1
3541,1
15190,1
13143,1
3205,1
1156,1
2928,1
9908,1
12057,1
10008,1
5886,1
16059,1
11028,1
2709,1
15715,1
5822,1
11617,1
12946,1
7495,1
1883,1
9940,1
6309,1
3397,1
1348,1
11744,1
8024,1
817,1
6775,1
9013,1
5558,1
10435,1
1316,1
7607,1
11553,1
9504,1
7431,1
2677,1
6341,1
11957,1
1284,1
7783,1
11905,1
13954,1
6999,1
10113,1
5342,1
14211,1
5462,1
9464,1
10336,1
2077,1
10265,1
4167,1
11513,1
11121,1
12823,1
9072,1
10304,1
6706,1
1668,1
11545,1
12323,1
15643,1
10272,1
6023,1
16290,1
1308,1
4659,1
10804,1
12291,1
12855,1
2640,1
11577,1
6118,1
12160,1
6674,1
1244,1
10368,1
5959,1
12759,1
10496,1
11385,1
15483,1
12128,1
10297,1
1148,1
3197,1
12515,1
11185,1
10464,1
7295,1
9136,1
14530,1
5014,1
10432,1
1180,1
8038,1
3229,1
5278,1
7327,1
2965,1
11449,1
10400,1
1212,1
11153,1
12791,1
16215,1
14243,1
4069,1
1340,1
5926,1
1828,1
14114,1
10016,1
7943,1
5894,1
7583,1
12919,1
4058,1
12033,1
15803,1
1468,1
8152,1
3813,1
788,1
11025,1
11737,1
1732,1
11969,1
13786,1
1500,1
10900,1
5598,1
14998,1
11937,1
12222,1
11769,1
1840,1
5766,1
13818,1
14966,1
8166,1
1957,1
12254,1
8102,1
6055,1
3389,1
9584,1
10177,1
1988,1
3921,1
11609,1
13658,1
1372,1
10836,1
14934,1
9592,1
11641,1
15739,1
12887,1
8039,1
6967,1
3941,1
16227,1
6770,1
8134,1
3909,1
1860,1
14134,1
12097,1
1396,1
11057,1
3445,1
14042,1
2003,1
7584,1
6722,1
15733,1
6690,1
4643,1
10788,1
12839,1
10586,1
12633,1
14680,1
14854,1
2366,1
8773,1
4413,1
2656,1
13684,1
8507,1
10554,1
12807,1
10756,1
2464,1
10692,1
15797,1
10660,1
12711,1
2496,1
5073,1
7601,1
3026,1
979,1
2398,1
14744,1
15765,1
4579,1
10724,1
9175,1
7152,1
8571,1
12601,1
8805,1
2334,1
14488,1
8379,1
4867,1
13333,1
12473,1
1330,1
9239,1
10394,1
2880,1
1011,1
9494,1
15637,1
4931,1
11076,1
8315,1
10362,1
14456,1
11575,1
13031,1
8933,1
1043,1
6428,1
1394,1
10884,1
8837,1
12569,1
2302,1
4349,1
10916,1
8869,1
13652,1
4317,1
1362,1
2784,1
10458,1
4835,1
12729,1
8581,1
12197,1
10340,1
10308,1
2718,1
12359,1
11831,1
13141,1
6242,1
15925,1
8293,1
6210,1
12391,1
10906,1
7729,1
11799,1
14470,1
2208,1
13844,1
15032,1
2112,1
10628,1
7793,1
5776,1
6082,1
8131,1
11895,1
15989,1
11002,1
735,1
6876,1
8891,1
9814,1
10244,1
13017,1
14342,1
2080,1
9015,1
6178,1
6748,1
10842,1
12889,1
2994,1
7088,1
7633,1
2526,1
10564,1
8517,1
12615,1
4573,1
8667,1
15861,1
10714,1
10596,1
8549,1
947,1
8635,1
10682,1
4483,1
12583,1
9686,1
4387,1
14872,1
10436,1
8389,1
2962,1
4323,1
12857,1
14566,1
12519,1
2304,1
2590,1
4637,1
4355,1
10500,1
8453,1
14598,1
7665,1
1298,1
11108,1
6236,1
11319,1
1106,1
12027,1
9978,1
11748,1
9701,1
3584,1
7249,1
1203,1
9669,1
11780,1
9946,1
13831,1
16089,1
14040,1
15540,1
1074,1
13767,1
13396,1
12377,1
14136,1
3903,1
13639,1
11383,1
1377,1
7997,1
11620,1
1138,1
7965,1
7618,1
13703,1
3488,1
11351,1
12059,1
10010,1
9637,1
14104,1
11812,1
7869,1
13863,1
11867,1
3679,1
16038,1
1729,1
1042,1
5827,1
11972,1
9925,1
9818,1
9914,1
7906,1
1235,1
5136,1
14055,1
11255,1
9206,1
7938,1
11940,1
5795,1
7842,1
1697,1
14008,1
1694,1
11844,1
15942,1
7376,1
1633,1
11931,1
5731,1
11876,1
9882,1
9238,1
9850,1
15993,1
5763,1
9861,1
11588,1
5443,1
7490,1
3104,1
4095,1
2046,1
8189,1
1025,1
6140,1
10234,1
11479,1
1057,1
15444,1
7202,1
11300,1
15573,1
10202,1
1089,1
7234,1
1107,1
5091,1
7138,1
993,1
14360,1
11511,1
11140,1
9093,1
15238,1
6204,1
13556,1
10298,1
2078,1
9125,1
13223,1
9271,1
961,1
7409,1
10266,1
12313,1
1982,1
3168,1
1345,1
5980,1
11460,1
9413,1
1249,1
11382,1
10106,1
1170,1
1281,1
12123,1
1121,1
9477,1
15622,1
3360,1
1313,1
16217,1
11556,1
3218,1
5315,1
7362,1
1217,1
3967,1
7377,1
5219,1
11364,1
5328,1
9398,1
1153,1
14264,1
13492,1
11350,1
15494,1
13447,1
1185,1
5233,1
10138,1
14232,1
15128,1
10148,1
3615,1
14919,1
12838,1
14887,1
3678,1
12757,1
10326,1
6723,1
8663,1
2657,1
8740,1
4177,1
6755,1
8804,1
10853,1
12902,1
2689,1
8247,1
1631,1
9851,1
3774,1
5789,1
7868,1
6595,1
8311,1
12742,1
14791,1
1695,1
3742,1
6627,1
4642,1
10358,1
10725,1
12405,1
6608,1
4610,1
6659,1
6256,1
7740,1
8836,1
10885,1
14868,1
10981,1
7676,1
9723,1
6915,1
2578,1
13062,1
1503,1
5597,1
12934,1
10774,1
2066,1
2881,1
5565,1
9659,1
864,1
2913,1
5629,1
3582,1
4834,1
2785,1
14983,1
12789,1
11834,1
1567,1
3614,1
10917,1
12966,1
15015,1
12341,1
10742,1
4802,1
8900,1
12998,1
15047,1
1535,1
10678,1
10661,1
13081,1
2418,1
12390,1
128,1
3998,1
6512,1
8324,1
10139,1
2209,1
16280,1
14265,1
8356,1
10405,1
12501,1
3966,1
14548,1
2258,1
12486,1
8292,1
10582,1
16088,1
8228,1
4401,1
6448,1
8196,1
12565,1
2322,1
10203,1
12250,1
10277,1
10486,1
14375,1
4433,1
2113,1
4030,1
12629,1
10309,1
12358,1
1887,1
2273,1
8375,1
4482,1
12614,1
1791,1
8343,1
8548,1
10597,1
4529,1
12026,1
2482,1
8028,1
8580,1
10629,1
12678,1
4241,1
5853,1
4514,1
7900,1
16152,1
12058,1
4418,1
10646,1
14567,1
10075,1
12122,1
4354,1
1855,1
10501,1
12469,1
14599,1
7996,1
14137,1
1823,1
5917,1
12582,1
14631,1
7964,1
4962,1
11706,1
9060,1
11845,1
1055,1
3102,1
7196,1
1023,1
3070,1
5698,1
16117,1
7164,1
9732,1
15943,1
9211,1
3681,1
11258,1
13305,1
991,1
1664,1
15879,1
13369,1
13753,1
1087,1
5538,1
7985,1
11685,1
13734,1
15028,1
5213,1
16149,1
10934,1
5634,1
5602,1
8887,1
7228,1
9275,1
7953,1
1536,1
3585,1
5085,1
13013,1
7811,1
12101,1
11130,1
10020,1
12069,1
1856,1
3905,1
13177,1
10052,1
4957,1
11226,1
2878,1
4925,1
1714,1
7857,1
9878,1
4893,1
10116,1
5922,1
11959,1
7036,1
10998,1
3745,1
959,1
11991,1
9147,1
5826,1
927,1
16085,1
3809,1
7068,1
11162,1
12005,1
13209,1
15092,1
2942,1
7939,1
9339,1
13702,1
9604,1
11301,1
1024,1
3073,1
5122,1
11269,1
1343,1
10166,1
7484,1
1088,1
13414,1
11578,1
5186,1
13625,1
11333,1
1120,1
10134,1
9499,1
11237,1
9188,1
7139,1
992,1
1439,1
5533,1
14324,1
7043,1
12853,1
11141,1
11674,1
2977,1
5026,1
8177,1
960,1
9595,1
12247,1
15736,1
11205,1
1279,1
1152,1
1151,1
10902,1
15576,1
1312,1
1215,1
2706,1
14996,1
1344,1
12119,1
1183,1
3326,1
14164,1
11589,1
1376,1
3425,1
5474,1
3923,1
8017,1
11482,1
1280,1
8823,1
5346,1
5250,1
9348,1
1184,1
8081,1
5282,1
11514,1
9380,1
13478,1
1216,1
1247,1
5314,1
6032,1
5341,1
1248,1
3297,1
11835,1
3872,1
11654,1
8359,1
10374,1
8327,1
3996,1
1907,1
12184,1
12453,1
10406,1
6015,1
1949,1
10103,1
8080,1
4208,1
8391,1
8030,1
2274,1
1885,1
12421,1
10359,1
2227,1
12248,1
12293,1
6176,1
4129,1
14331,1
6321,1
12325,1
10201,1
2114,1
6047,1
1875,1
6240,1
4193,1
2146,1
4028,1
14267,1
10169,1
12517,1
10470,1
8278,1
14724,1
12645,1
10598,1
16122,1
6528,1
4481,1
8214,1
14261,1
4112,1
6400,1
4513,1
6097,1
11992,1
10662,1
12276,1
6592,1
1725,1
3836,1
4144,1
6193,1
12056,1
16218,1
10073,1
1939,1
12549,1
10502,1
2131,1
14229,1
6225,1
2338,1
12581,1
10041,1
12088,1
6464,1
7966,1
4018,1
14340,1
4097,1
7920,1
3779,1
14069,1
16037,1
9975,1
11943,1
6333,1
10487,1
1730,1
9926,1
10459,1
11975,1
5856,1
7905,1
1762,1
10427,1
9958,1
2207,1
8410,1
5792,1
8190,1
8470,1
11815,1
10523,1
1602,1
12568,1
5728,1
2303,1
10519,1
12564,1
11911,1
11879,1
8442,1
12536,1
2271,1
1779,1
13956,1
16116,1
7937,1
7952,1
16133,1
8129,1
10331,1
14425,1
4003,1
14244,1
5937,1
12199,1
6080,1
6205,1
7969,1
10299,1
6173,1
10039,1
2018,1
8218,1
14517,1
12263,1
10007,1
12500,1
14101,1
12408,1
10395,1
2291,1
12440,1
12071,1
5952,1
8001,1
2175,1
10054,1
12103,1
6385,1
8033,1
4336,1
3939,1
12135,1
14457,1
1392,1
11960,1
10694,1
13943,1
11448,1
5279,1
7326,1
1181,1
1123,1
11366,1
4246,1
3202,1
5779,1
11892,1
13445,1
1149,1
8368,1
7328,1
15482,1
10417,1
2197,1
5185,1
8647,1
5811,1
9941,1
7136,1
3042,1
995,1
5375,1
1277,1
3792,1
1027,1
12434,1
11512,1
1713,1
3760,1
10385,1
1059,1
15396,1
11480,1
1187,1
11430,1
9383,1
1021,1
10449,1
2261,1
11288,1
15894,1
1347,1
9543,1
7166,1
3426,1
11384,1
1379,1
11622,1
9575,1
7552,1
9749,1
9209,1
1411,1
1053,1
1315,1
7198,1
5151,1
1649,1
1219,1
13509,1
9813,1
5715,1
11352,1
1251,1
3664,1
7424,1
6327,1
1283,1
15620,1
11526,1
7730,1
11320,1
963,1
16086,1
7104,1
7710,1
10257,1
13883,1
4705,1
15930,1
12306,1
12901,1
5663,1
3612,1
10918,1
8082,1
10886,1
8839,1
3984,1
16246,1
3580,1
10101,1
12869,1
7742,1
5695,1
12278,1
6624,1
5791,1
2033,1
14293,1
14295,1
8146,1
3708,1
2001,1
6688,1
11896,1
2594,1
7774,1
12837,1
10790,1
2035,1
12965,1
8871,1
9127,1
14071,1
3888,1
9593,1
4929,1
11640,1
14103,1
11078,1
1373,1
9063,1
6003,1
12020,1
5875,1
13627,1
15674,1
7922,1
11576,1
11174,1
7550,1
7986,1
2850,1
15770,1
11768,1
12997,1
1501,1
12338,1
15834,1
2786,1
4150,1
10982,1
8935,1
8018,1
13755,1
12084,1
7582,1
5939,1
3484,1
13860,1
2355,1
1825,1
2435,1
12644,1
14693,1
11031,1
10599,1
4480,1
8982,1
7357,1
14725,1
4448,1
10631,1
2835,1
6561,1
11451,1
12708,1
13496,1
10663,1
5340,1
10567,1
11063,1
12548,1
14565,1
8422,1
13592,1
4352,1
3327,1
1278,1
2307,1
8454,1
1246,1
4384,1
5372,1
11515,1
2339,1
8486,1
15732,1
13560,1
6929,1
1182,1
5553,1
4704,1
12836,1
6897,1
4672,1
11323,1
4848,1
13368,1
12868,1
6753,1
9370,1
3103,1
1054,1
8806,1
5585,1
15385,1
14981,1
1022,1
7229,1
1086,1
1459,1
9306,1
12740,1
14789,1
15513,1
10695,1
10999,1
1150,1
7293,1
8950,1
15093,1
13432,1
13044,1
1118,1
2563,1
5212,1
10759,1
12516,1
11547,1
7713,1
946,1
11739,1
9690,1
12196,1
10149,1
4032,1
3519,1
8130,1
12228,1
4000,1
4064,1
2017,1
7089,1
6115,1
12260,1
10213,1
14311,1
1953,1
10117,1
1395,1
13848,1
1010,1
5361,1
5104,1
16166,1
11803,1
1857,1
8002,1
16198,1
11542,1
1267,1
7677,1
1889,1
12132,1
10085,1
3346,1
11191,1
11159,1
9658,1
2051,1
1342,1
15705,1
2179,1
14469,1
13656,1
10375,1
13140,1
6305,1
8358,1
12292,1
5436,1
4288,1
850,1
15673,1
2243,1
3359,1
1310,1
6273,1
10343,1
12388,1
1363,1
14341,1
8198,1
7472,1
1331,1
11675,1
12324,1
11574,1
6209,1
2931,1
12356,1
882,1
10311,1
3410,1
1374,1
7517,1
10935,1
11259,1
15029,1
1683,1
5777,1
4560,1
1250,1
14773,1
13540,1
6685,1
10779,1
1282,1
13508,1
12824,1
15621,1
2559,1
12792,1
1314,1
2527,1
13604,1
8762,1
2515,1
12980,1
13444,1
15001,1
15461,1
12952,1
11367,1
8694,1
1154,1
12788,1
11399,1
1218,1
5745,1
1186,1
1651,1
15525,1
11894,1
11431,1
2623,1
5809,1
1715,1
1346,1
13796,1
12664,1
15813,1
14677,1
11719,1
6493,1
1506,1
16084,1
15845,1
3395,1
11751,1
12632,1
9943,1
10551,1
3587,1
8502,1
12596,1
8534,1
1474,1
10583,1
11687,1
11591,1
2495,1
6589,1
1378,1
3427,1
10683,1
5504,1
10615,1
6557,1
11655,1
14709,1
2419,1
8602,1
13732,1
6513,1
1122,1
8858,1
10907,1
11079,1
11015,1
4988,1
6945,1
11131,1
11766,1
8998,1
11047,1
13845,1
9751,1
7009,1
11798,1
14933,1
4924,1
11067,1
11111,1
9018,1
4752,1
15109,1
2819,1
6913,1
2739,1
9687,1
4784,1
7101,1
7664,1
11195,1
2755,1
15045,1
15289,1
4832,1
2975,1
926,1
2787,1
13028,1
2707,1
2643,1
6737,1
9286,1
1058,1
5120,1
1026,1
13016,1
13316,1
10775,1
4796,1
1619,1
3107,1
11035,1
15397,1
6673,1
12984,1
6813,1
1090,1
10743,1
15429,1
11239,1
10971,1
15333,1
13284,1
7728,1
13080,1
8758,1
2979,1
13220,1
14901,1
3634,1
5056,1
7105,1
962,1
3011,1
13252,1
15097,1
11207,1
994,1
1684,1
12328,1
11299,1
1003,1
1870,1
14545,1
12107,1
1163,1
15500,1
11406,1
14975,1
7336,1
10058,1
1195,1
6779,1
3274,1
1227,1
13517,1
10026,1
7400,1
10845,1
12958,1
12496,1
1131,1
2809,1
11246,1
6028,1
6907,1
3082,1
15372,1
11278,1
9231,1
10973,1
8045,1
3114,1
8924,1
13357,1
10122,1
12990,1
1099,1
10941,1
3306,1
1259,1
14120,1
6389,1
1387,1
11630,1
9583,1
7560,1
12798,1
1419,1
10749,1
11662,1
5481,1
9615,1
2295,1
5545,1
3498,1
1451,1
15788,1
9962,1
14847,1
14088,1
11502,1
5900,1
3855,1
12528,1
7949,1
3338,1
12862,1
10813,1
11534,1
6715,1
1355,1
9994,1
2617,1
1323,1
11566,1
9519,1
5449,1
3402,1
15340,1
11005,1
10291,1
13054,1
3065,1
2730,1
1016,1
11229,1
6856,1
4109,1
6156,1
15052,1
13005,1
10958,1
3033,1
984,1
15295,1
11197,1
15084,1
8943,1
4079,1
10894,1
12941,1
2698,1
13342,1
11325,1
10314,1
12845,1
10798,1
5178,1
14408,1
1080,1
11293,1
4745,1
10830,1
2094,1
4713,1
2666,1
5146,1
1048,1
11261,1
4873,1
8306,1
15116,1
13229,1
907,1
11150,1
9020,1
12203,1
4922,1
2986,1
939,1
11182,1
10387,1
6293,1
7112,1
5065,1
11037,1
971,1
15308,1
8077,1
4244,1
1966,1
8975,1
4937,1
952,1
13214,1
6124,1
4212,1
15148,1
13101,1
5018,1
15231,1
4015,1
12432,1
15180,1
14481,1
7035,1
2937,1
10186,1
13150,1
12560,1
5577,1
14815,1
15820,1
10675,1
8296,1
10345,1
1486,1
6581,1
2073,1
2039,1
10377,1
14475,1
11723,1
9674,1
14801,1
1454,1
8360,1
10409,1
12458,1
14507,1
14769,1
4154,1
10313,1
14317,1
2233,1
12446,1
10191,1
8168,1
6121,1
11819,1
9770,1
12270,1
4186,1
13864,1
8200,1
12688,1
14737,1
7693,1
5644,1
11787,1
2007,1
4054,1
7597,1
15753,1
12784,1
2349,1
4398,1
10099,1
12146,1
12618,1
14667,1
8690,1
10537,1
4430,1
10067,1
12114,1
10601,1
12650,1
14699,1
1390,1
12586,1
2519,1
12242,1
14571,1
8392,1
10441,1
5548,1
2253,1
8116,1
3990,1
10473,1
2285,1
470,1
10131,1
12178,1
8456,1
10505,1
12554,1
14225,1
4366,1
6517,1
8136,1
10159,1
5804,1
15948,1
4506,1
2457,1
12670,1
12592,1
8498,1
13933,1
7816,1
3658,1
10547,1
16041,1
1675,1
11918,1
14687,1
7848,1
5801,1
1611,1
5705,1
11950,1
9711,1
4570,1
2521,1
14783,1
8466,1
10515,1
15852,1
11758,1
3594,1
7752,1
2489,1
9743,1
12702,1
5673,1
10653,1
1579,1
13869,1
3754,1
9903,1
1963,1
8562,1
10493,1
6485,1
3663,1
7757,1
12510,1
5993,1
11851,1
16236,1
8530,1
10095,1
6025,1
4314,1
12478,1
10127,1
3631,1
6331,1
6427,1
3695,1
8540,1
12606,1
6491,1
1739,1
14029,1
11982,1
2359,1
5772,1
3818,1
14061,1
12574,1
12014,1
10557,1
12624,1
9866,1
1803,1
16140,1
13960,1
1112,1
10766,1
10739,1
2040,1
9390,1
11439,1
5320,1
6042,1
15565,1
1944,1
8715,1
8059,1
1258,1
6010,1
3961,1
5384,1
7433,1
1290,1
10762,1
15629,1
14174,1
10140,1
1194,1
12189,1
7273,1
1098,1
3147,1
13388,1
15437,1
9294,1
10794,1
5224,1
1130,1
3764,1
3179,1
9326,1
10204,1
8155,1
12841,1
4057,1
14888,1
5416,1
12125,1
1322,1
3563,1
9980,1
7931,1
7625,1
1482,1
5882,1
16095,1
1514,1
13804,1
6604,1
11759,1
5640,1
7689,1
3595,1
13836,1
9742,1
11791,1
12029,1
12016,1
3371,1
11599,1
10076,1
11567,1
12809,1
1354,1
13644,1
1880,1
12093,1
7529,1
9614,1
1386,1
6636,1
7894,1
5512,1
7561,1
10730,1
1848,1
16050,1
11311,1
12813,1
9905,1
6857,1
14590,1
6828,1
746,1
6394,1
13036,1
8942,1
8875,1
5687,1
6921,1
3668,1
2702,1
1621,1
2264,1
12479,1
8381,1
5719,1
15922,1
6426,1
2731,1
10556,1
15080,1
2635,1
8782,1
10588,1
4443,1
12607,1
12908,1
4813,1
10524,1
6458,1
6793,1
2360,1
12575,1
8846,1
4776,1
11824,1
9841,1
8349,1
10396,1
12873,1
970,1
6732,1
2136,1
11215,1
12351,1
1002,1
11247,1
14920,1
5064,1
1034,1
8221,1
10268,1
4123,1
6170,1
1685,1
7830,1
4187,1
4685,1
842,1
7049,1
15181,1
6298,1
2200,1
6764,1
2923,1
11119,1
7798,1
5751,1
15277,1
2955,1
9102,1
11151,1
2638,1
12383,1
938,1
2987,1
7721,1
15917,1
7753,1
10666,1
6344,1
9532,1
8395,1
12493,1
10446,1
6376,1
1336,1
11549,1
14572,1
10478,1
12272,1
6408,1
3353,1
1304,1
12557,1
10510,1
15615,1
8367,1
15679,1
1368,1
7547,1
12553,1
12208,1
15743,1
10318,1
11645,1
6248,1
2154,1
10350,1
2218,1
3449,1
11613,1
12521,1
14476,1
10382,1
2254,1
10193,1
4393,1
2346,1
299,1
1144,1
15487,1
14796,1
10702,1
12336,1
7291,1
14385,1
3193,1
12781,1
2071,1
13406,1
8242,1
4173,1
4617,1
7259,1
6220,1
14860,1
1176,1
5274,1
12457,1
8559,1
8495,1
4425,1
13534,1
6284,1
2410,1
363,1
14353,1
14472,1
4205,1
4489,1
1240,1
13502,1
14732,1
8591,1
6568,1
10259,1
6216,1
12333,1
11677,1
7803,1
14728,1
11901,1
9934,1
11983,1
5864,1
7913,1
9852,1
9966,1
15999,1
12015,1
16178,1
1656,1
3851,1
15967,1
9998,1
5928,1
7881,1
11951,1
11869,1
12713,1
3659,1
15949,1
16063,1
9916,1
7867,1
7785,1
5818,1
9838,1
9902,1
14760,1
5768,1
16031,1
13982,1
1813,1
8587,1
1688,1
13918,1
5943,1
3988,1
4075,1
10097,1
1994,1
6444,1
10538,1
3545,1
1496,1
2026,1
13758,1
3577,1
11709,1
4105,1
2058,1
12585,1
12301,1
12176,1
4137,1
12207,1
5626,1
16173,1
15903,1
12112,1
13886,1
1866,1
7739,1
14156,1
10062,1
12111,1
12143,1
14664,1
6024,1
8073,1
4429,1
12144,1
12175,1
10570,1
1962,1
2413,1
6511,1
13033,1
6734,1
10418,1
12465,1
2198,1
12808,1
6292,1
13067,1
2828,1
2543,1
10386,1
12433,1
11048,1
14480,1
2860,1
5140,1
8307,1
12401,1
10731,1
8371,1
3063,1
2764,1
14576,1
4652,1
10482,1
4719,1
10888,1
9202,1
12939,1
2700,1
6798,1
13003,1
11251,1
10920,1
2575,1
6830,1
4783,1
1014,1
8905,1
1046,1
6990,1
12776,1
10667,1
6573,1
12305,1
11240,1
2038,1
15338,1
13291,1
1005,1
5103,1
3020,1
12275,1
10226,1
7221,1
1037,1
2006,1
5135,1
11304,1
973,1
13259,1
11112,1
10290,1
13360,1
12369,1
15409,1
11144,1
9097,1
10699,1
8650,1
12337,1
9161,1
14384,1
11176,1
2070,1
2988,1
941,1
2479,1
11208,1
6701,1
2294,1
6804,1
12561,1
4629,1
12555,1
2316,1
6676,1
6414,1
8723,1
10770,1
12817,1
4597,1
10738,1
8521,1
14666,1
12619,1
12785,1
13232,1
10923,1
15281,1
2582,1
10802,1
5012,1
6772,1
10987,1
6286,1
13032,1
10408,1
8361,1
14506,1
2220,1
4271,1
2614,1
10866,1
12491,1
13200,1
11155,1
4303,1
10472,1
10834,1
8553,1
10706,1
9138,1
8499,1
6638,1
2390,1
8810,1
12904,1
14858,1
12811,1
10578,1
10546,1
6765,1
982,1
12843,1
4373,1
10827,1
12872,1
4655,1
10824,1
4716,1
10728,1
14800,1
8842,1
4463,1
2486,1
654,1
6797,1
8627,1
12721,1
5044,1
8595,1
950,1
6574,1
4527,1
14794,1
12747,1
2508,1
12689,1
2422,1
14761,1
3116,1
1069,1
10194,1
7822,1
8394,1
1622,1
13995,1
9810,1
15953,1
1590,1
1741,1
1238,1
10411,1
9778,1
15921,1
12456,1
5652,1
15601,1
7413,1
7950,1
1677,1
15985,1
3255,1
11443,1
1549,1
5812,1
11816,1
3223,1
9906,1
16049,1
13488,1
11923,1
5748,1
2255,1
1613,1
7758,1
13931,1
3692,1
1645,1
1206,1
1270,1
12424,1
13584,1
14315,1
7573,1
5524,1
4044,1
9618,1
11571,1
12264,1
5428,1
7477,1
6063,1
13680,1
8174,1
1366,1
10251,1
3383,1
10283,1
11603,1
12232,1
8110,1
6253,1
3948,1
12104,1
10057,1
7637,1
8014,1
8298,1
11731,1
16234,1
3511,1
13744,1
1462,1
12392,1
12168,1
2127,1
3980,1
5396,1
8078,1
3596,1
13835,1
9737,1
8053,1
10130,1
1197,1
7342,1
5295,1
13424,1
1229,1
7374,1
13547,1
9385,1
6477,1
5236,1
5359,1
11528,1
3340,1
1293,1
3927,1
13483,1
11432,1
8021,1
6541,1
14288,1
11336,1
1078,1
13387,1
1974,1
8117,1
11368,1
13419,1
1165,1
13392,1
1133,1
14256,1
10635,1
9298,1
9353,1
13451,1
7285,1
15658,1
1174,1
15818,1
11411,1
9970,1
3500,1
3799,1
1750,1
5551,1
11720,1
9938,1
9362,1
5583,1
11752,1
14601,1
13803,1
3564,1
2287,1
7662,1
6413,1
3831,1
14665,1
7989,1
1142,1
7470,1
11592,1
9545,1
13643,1
6445,1
1357,1
15505,1
16145,1
15722,1
8490,1
1389,1
14633,1
12584,1
11656,1
2319,1
12427,1
11123,1
5941,1
1166,1
9128,1
11177,1
15275,1
940,1
1134,1
11698,1
1431,1
13258,1
972,1
2679,1
11371,1
11666,1
12944,1
11241,1
1004,1
5102,1
13416,1
5557,1
2957,1
1463,1
4942,1
13809,1
6959,1
5260,1
13130,1
15179,1
844,1
11403,1
9354,1
11145,1
11113,1
13162,1
15211,1
12912,1
2925,1
4974,1
11730,1
4756,1
11273,1
15371,1
7311,1
3181,1
15664,1
7279,1
11401,1
1303,1
3213,1
5262,1
9384,1
15467,1
1196,1
3350,1
5397,1
7444,1
13585,1
1271,1
15563,1
1132,1
6805,1
1036,1
5166,1
9587,1
15728,1
7183,1
1367,1
1102,1
1068,1
5461,1
7245,1
5429,1
11602,1
11337,1
13386,1
1100,1
3149,1
5196,1
3382,1
11762,1
15147,1
13064,1
3215,1
1326,1
10771,1
4628,1
11986,1
10761,1
14859,1
16080,1
9514,1
6671,1
1294,1
7860,1
12848,1
11531,1
9482,1
6703,1
8776,1
7828,1
14065,1
10729,1
9971,1
14865,1
10633,1
12682,1
11627,1
3407,1
1358,1
10665,1
2551,1
2477,1
7924,1
4526,1
6575,1
10003,1
12050,1
9546,1
2509,1
15689,1
12874,1
14923,1
2637,1
5653,1
9418,1
10953,1
7732,1
2765,1
1559,1
3606,1
10985,1
2797,1
7373,1
7341,1
8968,1
11794,1
13066,1
11435,1
15529,1
6927,1
5324,1
1230,1
11922,1
7796,1
16016,1
1655,1
10857,1
1262,1
2669,1
5749,1
6767,1
10889,1
3279,1
12938,1
6709,1
13937,1
5356,1
11499,1
2615,1
15019,1
1228,1
2711,1
13384,1
12976,1
5902,1
11218,1
12073,1
15312,1
951,1
5036,1
7983,1
2807,1
14154,1
1868,1
13072,1
12137,1
5004,1
13233,1
11147,1
5013,1
7060,1
3853,1
9171,1
5077,1
16075,1
11945,1
942,1
1708,1
3757,1
11250,1
13297,1
15344,1
1740,1
5870,1
3789,1
983,1
7887,1
3030,1
12009,1
1772,1
3821,1
12169,1
9098,1
11154,1
15120,1
15152,1
12299,1
2871,1
13136,1
10280,1
11026,1
14378,1
2806,1
9034,1
6900,1
11091,1
2774,1
6925,1
13168,1
10344,1
15217,1
11058,1
2870,1
878,1
10184,1
7021,1
9075,1
12201,1
1964,1
4972,1
11115,1
9066,1
12233,1
2028,1
15209,1
2895,1
6933,1
6989,1
8143,1
12265,1
14314,1
9896,1
7823,1
5774,1
11275,1
4788,1
1038,1
1175,1
3222,1
15723,1
6837,1
7316,1
13457,1
9258,1
9608,1
11657,1
1143,1
5518,1
5237,1
2743,1
9331,1
1356,1
10931,1
5550,1
13578,1
9459,1
11497,1
1260,1
1070,1
1239,1
3286,1
15025,1
1292,1
1207,1
3341,1
9427,1
11474,1
13521,1
15659,1
15568,1
3373,1
11378,1
7599,1
5109,1
15979,1
11211,1
13898,1
15947,1
1612,1
7188,1
2775,1
15376,1
1644,1
6869,1
3693,1
5742,1
7791,1
1015,1
11913,1
13962,1
16011,1
7727,1
1047,1
9672,1
9299,1
13770,1
13425,1
15472,1
1006,1
7631,1
7149,1
5100,1
11243,1
1580,1
1079,1
9736,1
11785,1
8914,1
7220,1
974,1
15408,1
2424,1
4475,1
11518,1
5848,1
7716,1
10709,1
7769,1
15936,1
13889,1
7748,1
5701,1
11839,1
14706,1
13921,1
12659,1
7737,1
5688,1
11807,1
16000,1
13852,1
4471,1
15904,1
12627,1
6643,1
11746,1
4626,1
1722,1
7865,1
2577,1
11935,1
8529,1
12790,1
10741,1
5637,1
14674,1
5605,1
11903,1
1511,1
13825,1
9854,1
15997,1
1562,1
3718,1
1671,1
5560,1
7641,1
9662,1
14145,1
3515,1
7609,1
3910,1
1863,1
15773,1
12066,1
5989,1
3942,1
12162,1
10115,1
8068,1
6021,1
14711,1
10019,1
10672,1
7705,1
2452,1
10640,1
11775,1
8593,1
15869,1
13820,1
11970,1
9923,1
2481,1
3846,1
9955,1
5624,1
5861,1
11743,1
12034,1
7940,1
5893,1
16061,1
1754,1
16285,1
3803,1
1127,1
11394,1
9347,1
7300,1
3899,1
10512,1
1159,1
15520,1
7993,1
8465,1
12563,1
16157,1
1191,1
13505,1
11458,1
9411,1
7364,1
4343,1
7268,1
5976,1
15392,1
6326,1
11266,1
10869,1
7172,1
8820,1
10110,1
1031,1
13345,1
13409,1
14204,1
9251,1
1063,1
13377,1
9283,1
10078,1
1095,1
14108,1
3270,1
1223,1
5477,1
13633,1
9539,1
1786,1
1351,1
15712,1
11618,1
7524,1
3430,1
14076,1
1383,1
15744,1
11650,1
9950,1
7556,1
5509,1
14044,1
15680,1
6707,1
11490,1
11522,1
3867,1
2324,1
5349,1
3302,1
1255,1
15616,1
13569,1
9475,1
7460,1
5381,1
5912,1
1287,1
15648,1
13601,1
11554,1
9507,1
7577,1
14241,1
5528,1
10147,1
5176,1
8684,1
10733,1
12782,1
11295,1
4663,1
12502,1
8716,1
10765,1
7193,1
2601,1
4650,1
5144,1
11263,1
6355,1
2633,1
1018,1
2289,1
2537,1
4338,1
2473,1
392,1
2441,1
4490,1
15453,1
13404,1
12686,1
12851,1
1114,1
12750,1
6571,1
12534,1
12718,1
6387,1
13372,1
6603,1
8652,1
6742,1
10829,1
12878,1
13038,1
9118,1
2971,1
13006,1
14962,1
4842,1
11135,1
10989,1
15087,1
4810,1
15229,1
2939,1
7033,1
12438,1
9054,1
11021,1
13148,1
11167,1
2761,1
11231,1
10421,1
2665,1
4714,1
15325,1
10861,1
3035,1
14959,1
986,1
8372,1
10864,1
4695,1
9150,1
12942,1
2729,1
6827,1
954,1
12974,1
10605,1
8753,1
10800,1
15645,1
1338,1
10285,1
7481,1
2121,1
10581,1
9502,1
8268,1
3355,1
12630,1
14415,1
1306,1
2153,1
7449,1
6251,1
8300,1
8532,1
6187,1
2089,1
9470,1
11615,1
15741,1
3451,1
1402,1
12226,1
8564,1
5496,1
4038,1
4567,1
15677,1
10736,1
2023,1
1370,1
2417,1
4106,1
8204,1
10253,1
11519,1
13564,1
6678,1
12819,1
4402,1
15517,1
13468,1
10509,1
2353,1
2345,1
1178,1
8492,1
10768,1
10541,1
12590,1
5272,1
10517,1
3195,1
1146,1
12622,1
2313,1
4599,1
3323,1
14647,1
6483,1
12787,1
4266,1
2385,1
10413,1
12462,1
1242,1
4298,1
1210,1
6347,1
5336,1
10445,1
12494,1
11455,1
15549,1
10549,1
3995,1
9187,1
10389,1
11779,1
1168,1
13181,1
16033,1
2938,1
5796,1
7845,1
11381,1
3751,1
11971,1
14130,1
1136,1
14048,1
9023,1
5860,1
7909,1
3815,1
9986,1
5764,1
11907,1
9858,1
5266,1
10000,1
1812,1
3249,1
15292,1
955,1
1200,1
15937,1
11166,1
3687,1
13213,1
1606,1
3655,1
2970,1
11875,1
7064,1
9087,1
4921,1
6968,1
1798,1
15383,1
14240,1
10146,1
6052,1
7219,1
1958,1
10178,1
12227,1
13334,1
8069,1
13021,1
10210,1
12259,1
15068,1
2778,1
2022,1
11285,1
3975,1
11006,1
3847,1
5202,1
16161,1
10018,1
5924,1
1876,1
11038,1
15132,1
10050,1
3153,1
3943,1
1104,1
11317,1
16225,1
10082,1
5988,1
8037,1
1894,1
987,1
11230,1
11234,1
15543,1
5284,1
13622,1
1190,1
11573,1
13504,1
13469,1
1222,1
5426,1
7320,1
5814,1
1328,1
1147,1
11541,1
1254,1
15617,1
7443,1
5380,1
11427,1
11953,1
1158,1
1094,1
1275,1
1062,1
3322,1
11605,1
11331,1
7416,1
1243,1
7507,1
7301,1
7269,1
1126,1
1211,1
15489,1
1360,1
11395,1
5252,1
1748,1
11358,1
15649,1
11715,1
3463,1
9634,1
1051,1
1780,1
5145,1
9215,1
1019,1
5572,1
7557,1
7621,1
1478,1
3066,1
9698,1
11747,1
5604,1
1232,1
15388,1
5508,1
5846,1
1083,1
9968,1
1318,1
1264,1
13632,1
15681,1
9538,1
5444,1
3130,1
7379,1
3399,1
9570,1
11619,1
5177,1
7525,1
1382,1
9247,1
6872,1
10242,1
8195,1
10096,1
11061,1
9012,1
12897,1
10850,1
10462,1
2662,1
12509,1
14556,1
10288,1
11029,1
12961,1
10914,1
10398,1
15040,1
12445,1
14492,1
10320,1
13110,1
15159,1
8447,1
6488,1
12273,1
12769,1
6520,1
8543,1
13142,1
2394,1
4441,1
4085,1
10818,1
4409,1
10786,1
6692,1
12307,1
12573,1
2330,1
6424,1
2132,1
10366,1
13025,1
9123,1
13185,1
8185,1
9091,1
4786,1
12255,1
10206,1
903,1
14300,1
4091,1
4059,1
2982,1
14999,1
14268,1
6803,1
12467,1
15328,1
2196,1
12435,1
10978,1
8255,1
6884,1
13057,1
8963,1
6916,1
10334,1
14428,1
6867,1
10384,1
12287,1
15031,1
11074,1
9027,1
8223,1
12982,1
2074,1
6168,1
2502,1
10224,1
6596,1
8799,1
4761,1
3957,1
15319,1
10370,1
2682,1
8055,1
6776,1
10846,1
10338,1
12893,1
12449,1
4697,1
6308,1
6744,1
10814,1
7123,1
8291,1
2714,1
5074,1
3089,1
4101,1
10942,1
12989,1
15036,1
12145,1
8227,1
4133,1
9204,1
15004,1
2063,1
12353,1
10306,1
7155,1
6212,1
12957,1
2118,1
2618,1
1940,1
12737,1
4537,1
6070,1
4421,1
8119,1
2961,1
12733,1
2406,1
14780,1
8579,1
9108,1
8607,1
12701,1
14748,1
6564,1
8575,1
10622,1
12669,1
10562,1
11157,1
2246,1
12545,1
14560,1
10466,1
15287,1
14876,1
2586,1
2278,1
14592,1
8451,1
2342,1
7091,1
12209,1
14624,1
12577,1
15255,1
13206,1
4389,1
15119,1
7001,1
12844,1
7274,1
1305,1
3278,1
13567,1
9453,1
9469,1
1289,1
11516,1
5387,1
11532,1
5325,1
7372,1
1273,1
1321,1
7466,1
9419,1
11564,1
9517,1
1231,1
15592,1
13519,1
3240,1
5271,1
1369,1
1161,1
7306,1
3416,1
13631,1
9357,1
7404,1
11548,1
2354,1
9451,1
1337,1
3384,1
1225,1
15646,1
13545,1
13615,1
13535,1
1353,1
13523,1
1167,1
15822,1
1513,1
1145,1
5611,1
3192,1
13407,1
11356,1
13439,1
3284,1
9355,1
11788,1
1113,1
1237,1
1577,1
7722,1
11724,1
3224,1
9437,1
9405,1
11484,1
9549,1
9393,1
1385,1
7530,1
1241,1
1199,1
5307,1
1177,1
1209,1
11660,1
9613,1
3496,1
9373,1
11692,1
7322,1
1263,1
1129,1
4715,1
11530,1
13919,1
11868,1
15118,1
1625,1
15784,1
6954,1
13887,1
1423,1
15150,1
3470,1
841,1
9611,1
13135,1
13855,1
1391,1
11804,1
3438,1
6922,1
1109,1
2824,1
9853,1
13801,1
6794,1
13983,1
9885,1
9297,1
15816,1
1455,1
10956,1
13039,1
11900,1
2792,1
15442,1
6890,1
7802,1
3156,1
8941,1
11116,1
7706,1
13167,1
3342,1
3374,1
5421,1
7178,1
5531,1
11562,1
1065,1
1173,1
11308,1
7146,1
5499,1
5389,1
1097,1
7242,1
7436,1
7318,1
13663,1
5099,1
1327,1
2952,1
13791,1
905,1
5485,1
15474,1
9579,1
5627,1
13673,1
15720,1
9693,1
5239,1
11180,1
11740,1
15278,1
969,1
1141,1
5453,1
15806,1
13449,1
11324,1
15918,1
13871,1
4296,1
6345,1
7542,1
14541,1
2712,1
12927,1
6377,1
10876,1
2283,1
13193,1
3476,1
10479,1
2680,1
266,1
14605,1
15794,1
4392,1
10415,1
12959,1
2219,1
12396,1
4859,1
2123,1
12364,1
9163,1
2808,1
11210,1
3412,1
6874,1
1397,1
10351,1
2776,1
5463,1
2187,1
8334,1
4795,1
3444,1
6441,1
3508,1
8494,1
10735,1
12748,1
10716,1
10703,1
6924,1
8971,1
2539,1
14782,1
13065,1
3572,1
12703,1
8718,1
4845,1
6892,1
8939,1
2456,1
2603,1
783,1
4552,1
14910,1
6682,1
8765,1
9681,1
6505,1
12831,1
12652,1
14701,1
6537,1
5591,1
8622,1
9003,1
14846,1
11050,1
10748,1
4603,1
12716,1
14765,1
11004,1
4168,1
2091,1
12012,1
11980,1
9933,1
16078,1
15326,1
1769,1
11228,1
5399,1
9965,1
5165,1
9521,1
11306,1
3032,1
13353,1
11196,1
9997,1
3880,1
5835,1
1017,1
7978,1
3720,1
5179,1
7754,1
11852,1
11292,1
11370,1
1103,1
1049,1
9489,1
3784,1
11916,1
11338,1
13967,1
1301,1
1705,1
7850,1
16046,1
1039,1
7098,1
9553,1
6123,1
8138,1
7148,1
12236,1
10189,1
4072,1
2025,1
8170,1
6970,1
10157,1
4104,1
13087,1
11600,1
13289,1
15336,1
975,1
6185,1
11068,1
15166,1
16174,1
10093,1
3000,1
13619,1
5019,1
7180,1
2968,1
9227,1
11274,1
7034,1
1333,1
2936,1
8074,1
13151,1
10125,1
11100,1
4955,1
1007,1
13363,1
6762,1
4906,1
1288,1
13710,1
12202,1
3497,1
5546,1
9009,1
6649,1
13742,1
4600,1
10719,1
5578,1
7627,1
8670,1
11725,1
13774,1
15823,1
12764,1
2868,1
11056,1
3465,1
1416,1
8140,1
5386,1
10815,1
9484,1
1320,1
15122,1
12860,1
7467,1
15663,1
9580,1
1352,1
3401,1
12234,1
15695,1
1384,1
5482,1
6061,1
6617,1
4568,1
9708,1
4472,1
6553,1
4919,1
11088,1
9836,1
13934,1
1672,1
1871,1
9868,1
15951,1
13966,1
10591,1
5965,1
12636,1
6998,1
10059,1
1736,1
1640,1
13902,1
10687,1
12170,1
6029,1
10123,1
7691,1
9740,1
11789,1
15887,1
1576,1
5674,1
11853,1
9772,1
15919,1
10655,1
1903,1
3950,1
7755,1
12700,1
4046,1
15599,1
7660,1
11024,1
2708,1
14423,1
9132,1
968,1
3017,1
5066,1
7115,1
9164,1
11213,1
15311,1
1000,1
2811,1
6905,1
7147,1
10325,1
6227,1
13294,1
11149,1
9100,1
4210,1
2193,1
12915,1
9004,1
11053,1
840,1
2889,1
11071,1
4242,1
13134,1
5002,1
6969,1
6774,1
8990,1
8849,1
15215,1
12947,1
2953,1
1032,1
3081,1
13020,1
6870,1
3209,1
13011,1
4114,1
9356,1
13454,1
15503,1
1192,1
12924,1
15471,1
7339,1
9388,1
11437,1
5322,1
7371,1
13518,1
6125,1
1160,1
13422,1
2129,1
11309,1
11277,1
13326,1
15375,1
1064,1
10293,1
15026,1
8894,1
1096,1
8212,1
15037,1
5194,1
12988,1
6838,1
1128,1
3177,1
9324,1
3785,1
16200,1
16079,1
1768,1
8493,1
12156,1
6011,1
3662,1
7158,1
7756,1
5111,1
11850,1
8026,1
1583,1
4459,1
8557,1
14702,1
14143,1
16190,1
10045,1
12092,1
1013,1
4395,1
6442,1
11882,1
11248,1
6346,1
12220,1
3694,1
15346,1
13299,1
10476,1
12527,1
3992,1
2312,1
12188,1
15976,1
8090,1
10508,1
12559,1
1945,1
10636,1
5947,1
12687,1
2632,1
13833,1
10764,1
9949,1
2600,1
11996,1
6698,1
4651,1
1519,1
9739,1
6730,1
1753,1
10828,1
8781,1
14926,1
11312,1
9265,1
6666,1
12783,1
2472,1
6602,1
9771,1
14111,1
16158,1
14766,1
12719,1
2504,1
10013,1
4555,1
5883,1
1045,1
14798,1
1551,1
3598,1
16126,1
12028,1
8685,1
2248,1
12463,1
7820,1
8382,1
14190,1
16239,1
6361,1
12042,1
6026,1
10431,1
10124,1
2235,1
7948,1
6058,1
917,1
10399,1
8350,1
4041,1
6297,1
12237,1
5994,1
4344,1
9963,1
16143,1
14653,1
15218,1
12013,1
1800,1
3849,1
7030,1
12045,1
8478,1
10060,1
12572,1
11152,1
6425,1
12077,1
3854,1
2299,1
8011,1
14461,1
12010,1
12252,1
12399,1
12367,1
2152,1
981,1
6250,1
9899,1
10348,1
8301,1
11946,1
12316,1
10237,1
8186,1
10380,1
8333,1
2041,1
3726,1
10205,1
2075,1
10316,1
8171,1
6233,1
10220,1
14057,1
949,1
12380,1
10252,1
7884,1
12303,1
5047,1
8222,1
11978,1
4139,1
10284,1
16072,1
1711,1
4152,1
5805,1
14400,1
