{
    "x_true": [
        93238620160, 
        93238624428, 
        93238645112, 
        93238649036, 
        93238653032,
        93238658844, 
        93236211716, 
        93238665264, 
        93238670056, 
        93238685276,
        93238686004, 
        93238825024, 
        93238829092, 
        93236215808, 
        93236219912,
        93236224004,
        93236228096
    ],
    "x_delta": [    
        4268,    
        20684,     
        3924,     
        3996,     
        5812, 
        -2447128,
        2453548,     
        4792,    
        15220,      
        728,   
        139020,     
        4068,
        -2613284,
        4104
    ],
    "x": [
        185, 
        2340,  
        338,  
        190, 
        3235, 
        3004, 
        6040,  
        352, 
        3072,  
        416, 
        3421,
        1558, 
        4131,   
        20,   
        32,   
        32
    ],
    "y_true": [
        93236228096, 
        93236232200, 
        93236236292, 
        93236240384, 
        93238710732,
        93238714748, 
        93238718804,
        93238722864
    ],
    "y_delta": [
        4104,    
        4092,    
        4092, 
        2470348,    
        4016,    
        4056,    
        4060,
        4316
    ],
    "y_pred": [  
        4092,    
        4092,    
        4092, 
        2470348,    
        4016,    
        4056,    
        4060,
        4316
    ]
}